sample_idx,condition,attack_type,deletion_auc,insertion_auc,score,ecs,ecs_nr_proxy,stability,spectral_alignment,faithfulness_preservation,trusted
0,C0_clean,bonafide,0.5432384426905035,0.5476151492820401,1.0,0.8322524970600664,0.39030856192111973,1.0,0.44308678494144077,0.9977548719254473,1
0,C8_opus16,bonafide,0.5393546109496596,0.5473707683431315,1.0,0.8191430967464206,0.38063656389713285,0.9737352132797241,0.4382923312638332,0.9938710401846035,1
0,C9_opus6,bonafide,0.560593417351514,0.5208963843645759,1.0,0.26638584640804136,0.15,0.16218781471252441,0.05,0.6217024017434386,0
0,N1_awgn20,bonafide,0.5410801360984817,0.5378010264914972,1.0,0.7585520068811806,0.32877034246921544,0.8295607566833496,0.4268291153593769,0.9955965653334256,1
0,N2_awgn10,bonafide,0.5358328237955801,0.53273114939565,1.0,0.7142573130763874,0.3270460650324822,0.7771293520927429,0.3543359877671101,0.9903492530305239,1
1,C0_clean,bonafide,0.5354598796223939,0.5329384814933236,1.0,0.8389709205561489,0.39030856192111973,1.0,0.46571236662976373,0.9975240352240661,1
1,C8_opus16,bonafide,0.5393964142319728,0.5398123452890341,1.0,0.8460406458956196,0.38063656389713285,0.9737352132797241,0.5232824384460777,0.998539430166355,1
1,C9_opus6,bonafide,0.5492633706135418,0.5178579205682795,1.0,0.2717661453279666,0.15,0.1806444227695465,0.05,0.6150279207338268,0
1,N1_awgn20,bonafide,0.5421489736300314,0.5333840245598552,1.0,0.7525776333017508,0.32885330319404604,0.8196278810501099,0.41996806550405974,0.9957868707682964,1
1,N2_awgn10,bonafide,0.5439921278194103,0.5306518314121206,1.0,0.7797750088793098,0.2951019793748856,0.7970193028450012,0.5426139092254469,0.9939437165789176,1
2,C0_clean,bonafide,0.5410443179750238,0.5302016493806011,1.0,0.8148668232747871,0.39030856192111973,1.0,0.38895781750144887,0.9939315934145079,1
2,C8_opus16,bonafide,0.5415096019137512,0.5431670371655716,1.0,0.8028903577843838,0.38063656389713285,0.9737352132797241,0.38359069755507846,0.9943968773532352,1
2,C9_opus6,bonafide,0.5576192309466222,0.5226593690473865,1.0,0.2561389648394825,0.15,0.1618805229663849,0.05,0.5879558521764284,0
2,N1_awgn20,bonafide,0.5393921071974674,0.5347054779057602,1.0,0.7506794201467557,0.3422619327902794,0.8504335880279541,0.37607390048162864,0.9922793826369515,1
2,N2_awgn10,bonafide,0.5454073769645812,0.5274955137064475,1.0,0.7765595187797255,0.3251728191971779,0.8155357241630554,0.5028561113109458,0.9982946524040652,1
3,C0_clean,bonafide,0.5366153899984702,0.5430583814442044,1.0,0.8268222568392042,0.39030858874320984,1.0,0.4307458859791842,0.9919949701514963,1
3,C8_opus16,bonafide,0.5451816963299866,0.5352786166494813,1.0,0.8397906952044252,0.38063656389713285,0.9737352132797241,0.5015499761247976,0.9994387235169874,1
3,C9_opus6,bonafide,0.5546502429784748,0.5214078239530427,1.0,0.26884599512541685,0.15,0.19018475711345673,0.05,0.5925736409334473,0
3,N1_awgn20,bonafide,0.53767638417696,0.5404052118146078,1.0,0.7431734187416398,0.3372115850448608,0.8171291351318359,0.3946832512996986,0.993055964329986,1
3,N2_awgn10,bonafide,0.544267285655755,0.5403903282258036,1.0,0.7626909348980643,0.3400349736213684,0.7686331868171692,0.5178120014285411,0.999646865808781,1
4,C0_clean,bonafide,0.5418069780275421,0.5476901828323298,1.0,0.8244228430516143,0.3903085947036743,1.0,0.4177440122697438,0.9969987979023038,1
4,C8_opus16,bonafide,0.5483485140134756,0.5263759787451457,1.0,0.8228945945587691,0.38063656389713285,0.9737352132797241,0.4482086980445024,0.9964596661117626,1
4,C9_opus6,bonafide,0.560836076392783,0.523708671470284,1.0,0.25688063437627295,0.15,0.1636718064546585,0.05,0.5880397059813652,0
4,N1_awgn20,bonafide,0.5337439808263943,0.5352198151614137,1.0,0.7594206438704032,0.3262176051735878,0.8159087300300598,0.4545880388267751,0.988935800701156,1
4,N2_awgn10,bonafide,0.5512881456654496,0.5335099734668899,1.0,0.7604391900757739,0.31267788261175156,0.8050662279129028,0.4678556285755873,0.9935200344597886,1
5,C0_clean,bonafide,0.5445770105885104,0.5416437555482985,1.0,0.8257878007653391,0.39030856192111973,1.0,0.4249121478207732,0.9943805213970237,1
5,C8_opus16,bonafide,0.5430916328999723,0.5399600920123347,1.0,0.8153074519810526,0.38063656389713285,0.9737352132797241,0.42351198981164806,0.9958658990855618,1
5,C9_opus6,bonafide,0.561157811055627,0.5201751484276508,1.0,0.2647763321815769,0.15,0.1842706948518753,0.05,0.5868935141360893,0
5,N1_awgn20,bonafide,0.5364997999656077,0.5376632266790546,1.0,0.7520335639716735,0.3630201071500778,0.8091312646865845,0.4303945923433921,0.9975422679800736,1
5,N2_awgn10,bonafide,0.5446478848357789,0.5342047467805578,1.0,0.7447623721762944,0.34482895433902744,0.7688841223716736,0.4630527636089945,0.9943096471497552,1
6,C0_clean,bonafide,0.5382864274173662,0.5359886136538919,1.0,0.8279813358202341,0.39030856192111973,1.0,0.42896773386173204,0.9976367188723818,1
6,C8_opus16,bonafide,0.5425455500184783,0.5489056337716471,1.0,0.8200880785182805,0.38063659071922307,0.9737352132797241,0.44193571441669954,0.9933775962712698,1
6,C9_opus6,bonafide,0.5574205641969107,0.5138584687907534,1.0,0.2637283308395801,0.15,0.17261624336242676,0.05,0.5989394449820313,0
6,N1_awgn20,bonafide,0.5560080340449398,0.535346371693581,1.0,0.7560415171722893,0.35615362823009494,0.8154088258743286,0.45301151049705135,0.9799151122448082,1
6,N2_awgn10,bonafide,0.544161110264633,0.5298219406987432,1.0,0.7503584386793551,0.3256782174110413,0.783266544342041,0.46507736711668063,0.991762036025115,1
7,C0_clean,bonafide,0.5439551597352152,0.5354530627260263,1.0,0.8448513091890937,0.39030858874320984,1.0,0.48759665163433874,0.9952410456626402,1
7,C8_opus16,bonafide,0.5335160404204442,0.5424089897345958,1.0,0.8409765778802919,0.38063656389713285,0.9737352132797241,0.5201397155468049,0.9848019263478691,1
7,C9_opus6,bonafide,0.5676203254379717,0.5183792710654248,1.0,0.2548434810663305,0.15,0.1665976345539093,0.05,0.5773480908158891,0
7,N1_awgn20,bonafide,0.5405243147016023,0.5292049898724861,1.0,0.7732039712213583,0.34147118031978607,0.8479153513908386,0.45498256825438205,0.9918102006290272,1
7,N2_awgn10,bonafide,0.5382250431588933,0.5388314004256521,1.0,0.7621504887975098,0.3050688371062279,0.8231719136238098,0.45342814874030135,0.9895109290863182,1
8,C0_clean,bonafide,0.5360837335383188,0.5383896924189716,1.0,0.8575532724881094,0.3903085947036743,1.0,0.527496720250877,0.9976808547094879,1
8,C8_opus16,bonafide,0.5343709741522358,0.5406120039386152,1.0,0.8354872721694562,0.38063656389713285,0.9737352132797241,0.49067586086848347,0.9959680953234048,1
8,C9_opus6,bonafide,0.5630727053676341,0.5247624223750202,1.0,0.27364204253688923,0.15,0.1731504201889038,0.05,0.6312729148710924,0
8,N1_awgn20,bonafide,0.5368004471610953,0.5392069776015678,1.0,0.7479104053061736,0.30702293217182164,0.8298634886741638,0.3881524644560959,0.9983975683322643,1
8,N2_awgn10,bonafide,0.5449898721744743,0.5379948331247402,1.0,0.7627305136399098,0.3022430807352066,0.8131296038627625,0.4648492336616593,0.9934130066543567,1
9,C0_clean,bonafide,0.5414653623664935,0.5364282429098682,1.0,0.8379241596650993,0.3903085947036743,1.0,0.4616126848580502,0.9981345140256142,1
9,C8_opus16,bonafide,0.5428944603389645,0.5335181867795813,1.0,0.851492327795004,0.38063656389713285,0.9737352132797241,0.5432887255572378,0.9967054160531431,1
9,C9_opus6,bonafide,0.559625985833296,0.5294497601049102,1.0,0.2582874563772435,0.15,0.18283911049365997,0.05,0.5671727072659316,0
9,N1_awgn20,bonafide,0.5455107983266991,0.5406634071079559,1.0,0.7787394915179554,0.3284802958369255,0.8276553153991699,0.4981688064622161,0.9940890780654085,1
9,N2_awgn10,bonafide,0.542759323887225,0.5322450547109732,1.0,0.7827787711464864,0.3095946028828621,0.800686776638031,0.5448396491326974,0.9968405525048826,1
10,C0_clean,bonafide,0.5396144914529295,0.5417057598740832,1.0,0.8224442266452013,0.3903086215257645,1.0,0.4092094857517281,0.9989379363989429,1
10,C8_opus16,bonafide,0.5446612119795857,0.5395397137249841,1.0,0.8268118120635259,0.38063656389713285,0.9737352132797241,0.463834539966501,0.9938912158722867,1
10,C9_opus6,bonafide,0.5636607611703364,0.5267352459542753,1.0,0.25685229363201034,0.15,0.18034546077251434,0.05,0.5657136977433487,0
10,N1_awgn20,bonafide,0.5458168530239395,0.5354781951256473,1.0,0.7486674660229955,0.34783407002687455,0.8297754526138306,0.3964553750969444,0.992735574827933,1
10,N2_awgn10,bonafide,0.5472622185488931,0.5347398250106903,1.0,0.7451764616817673,0.32628312706947327,0.7551984786987305,0.4857000247046046,0.9912902093029793,1
11,C0_clean,bonafide,0.5377674252396649,0.5442819939716174,1.0,0.8119777097787141,0.3903086215257645,1.0,0.3742576387657068,0.9990013938300069,1
11,C8_opus16,bonafide,0.5342966018408456,0.5403406088948505,1.0,0.826364662603199,0.38063656389713285,0.9737352132797241,0.4607046872065102,0.9955305704311875,1
11,C9_opus6,bonafide,0.5583437487209633,0.523873881769911,1.0,0.2529411199796519,0.15,0.17914190888404846,0.05,0.5542811880867751,0
11,N1_awgn20,bonafide,0.5460078058029227,0.5422113730447948,1.0,0.774116614665614,0.3494015812873841,0.8398058414459229,0.46788936801741415,0.9927582256067353,1
11,N2_awgn10,bonafide,0.5374002192727328,0.5310223086879061,1.0,0.7646259648890799,0.31577223539352417,0.7855716943740845,0.5026901026017452,0.9986341878630748,1
12,C0_clean,bonafide,0.5425752384315303,0.5592636574532737,1.0,0.8418068078923293,0.3903086215257645,1.0,0.47568929754561046,0.997000062095487,1
12,C8_opus16,bonafide,0.5462031239353086,0.5442447130830605,1.0,0.8328690586925076,0.38063656389713285,0.9737352132797241,0.47854452553465837,0.9993720524007348,1
12,C9_opus6,bonafide,0.5595048060189688,0.5198880241648725,1.0,0.26720118147032534,0.15,0.1876075118780136,0.05,0.5905272557303997,0
12,N1_awgn20,bonafide,0.5440570223692949,0.5479256411610043,1.0,0.7543110671452733,0.32761648297309875,0.8176174163818359,0.4257318226085448,0.9984818460332515,1
12,N2_awgn10,bonafide,0.547396516634856,0.5279712049610684,1.0,0.727140306361812,0.30027921199798585,0.8017392158508301,0.3566367403704126,0.9981786597011874,1
13,C0_clean,bonafide,0.5403214000954774,0.5346112761103535,1.0,0.8512385767818378,0.39030858874320984,1.0,0.5044475298483683,0.9996810594244245,1
13,C8_opus16,bonafide,0.5439232844790789,0.5358228711070089,1.0,0.8127796465305823,0.38063656389713285,0.9737352132797241,0.4142348145370016,0.9967170561919739,1
13,C9_opus6,bonafide,0.5578718294240451,0.5339301839704914,1.0,0.26681629874511104,0.15,0.1605231761932373,0.05,0.6253567608927204,0
13,N1_awgn20,bonafide,0.5446504665353951,0.5329728727146101,1.0,0.7290559242098762,0.31631772518157963,0.8140902519226074,0.3487428706671196,0.9959898741356578,1
13,N2_awgn10,bonafide,0.5405386162957058,0.5349250978047964,1.0,0.757731582951954,0.33097337037324903,0.7749390006065369,0.4926216667398112,0.9998982756246529,1
14,C0_clean,bonafide,0.5339985179647212,0.5383274938207953,1.0,0.8445284023834976,0.39030856192111973,1.0,0.4932877597085061,0.9884735815698189,1
14,C8_opus16,bonafide,0.537258649571537,0.548301975467,1.0,0.8148900195974658,0.38063656389713285,0.9737352132797241,0.4262527344419522,0.9917337131766347,1
14,C9_opus6,bonafide,0.558353432011855,0.534282257528013,1.0,0.28081911398560727,0.15,0.18357382714748383,0.05,0.6412986104220458,0
14,N1_awgn20,bonafide,0.5406818593636046,0.5432315260179974,1.0,0.7486959328425846,0.3322692394256592,0.8448485136032104,0.3740315017022993,0.9951569229687023,1
14,N2_awgn10,bonafide,0.5467647845777887,0.5393274828300892,1.0,0.7330992548197024,0.31137950867414477,0.7727156281471252,0.41461652671906096,0.9987601518171136,1
15,C0_clean,bonafide,0.5237936632996547,0.5348780617933286,1.0,0.8297356143563365,0.39030856192111973,1.0,0.44702373219691,0.9854283156575451,1
15,C8_opus16,bonafide,0.5342863798245813,0.5476367607852527,1.0,0.8194818726957338,0.38063656389713285,0.9737352132797241,0.437371592430342,0.9959210321824716,1
15,C9_opus6,bonafide,0.5492439726565531,0.5308116868989744,1.0,0.2498760632587227,0.15,0.18026602268218994,0.05,0.5425655139528224,0
15,N1_awgn20,bonafide,0.5438098914250932,0.5313337306247651,1.0,0.775639570747527,0.3469952896237374,0.8120636940002441,0.508158187607748,0.9945554562170165,1
15,N2_awgn10,bonafide,0.5451711629359516,0.5328230511561219,1.0,0.7563725183641143,0.3187373176217079,0.7912067770957947,0.4731051737131636,0.9931941847061581,1
16,C0_clean,bonafide,0.5405675867262563,0.5433106533726053,1.0,0.8283858689374655,0.3903086215257645,1.0,0.430734320156912,0.9972185763013062,1
16,C8_opus16,bonafide,0.5343362182402713,0.5501398711388759,1.0,0.8455804998986662,0.38063656389713285,0.9737352132797241,0.5293008408072676,0.9909872078153212,1
16,C9_opus6,bonafide,0.5464244071651836,0.5252201131758791,1.0,0.2638306825062325,0.15,0.19075769186019897,0.05,0.5750920192071762,0
16,N1_awgn20,bonafide,0.5410011246296844,0.5335870469123004,1.0,0.7618512144464908,0.3317354574799538,0.8266935348510742,0.43959388748213624,0.9976521142047343,1
16,N2_awgn10,bonafide,0.5453987890253605,0.5329217404281615,1.0,0.7748548659644866,0.29223180115222935,0.8193144202232361,0.49248010485105126,0.9979502213995896,1
17,C0_clean,bonafide,0.5440643105941948,0.5431481442096181,1.0,0.8385793861782578,0.3903085947036743,1.0,0.4653649760438305,0.9965663112170285,1
17,C8_opus16,bonafide,0.5377243905334207,0.5432111722912109,1.0,0.809127077494935,0.38063656389713285,0.9737352132797241,0.4085502494538964,0.9902263911562544,1
17,C9_opus6,bonafide,0.5593220748851164,0.5301181009209931,1.0,0.26249667217498873,0.15,0.1864888221025467,0.05,0.5763371444465668,0
17,N1_awgn20,bonafide,0.5427087492336344,0.5351918814880601,1.0,0.7673754357584144,0.32728200405836105,0.8140143752098083,0.4773548690585019,0.9952107498564682,1
17,N2_awgn10,bonafide,0.5485202265909027,0.5396744033340407,1.0,0.7633120876964364,0.31830027848482134,0.7803427577018738,0.5049388425993595,0.9989777727862635,1
18,C0_clean,bonafide,0.5434097648564749,0.5384486662170328,1.0,0.8334797688707023,0.39030858874320984,1.0,0.451050192081638,0.9938823708207032,1
18,C8_opus16,bonafide,0.5398745804625671,0.5399596840905581,1.0,0.8264607365272549,0.38063656389713285,0.9737352132797241,0.4662083176244221,0.9903471864267954,1
18,C9_opus6,bonafide,0.5593282037883022,0.5186174944313839,1.0,0.25338136342419615,0.15,0.18237906694412231,0.05,0.5514324554884907,0
18,N1_awgn20,bonafide,0.5468671691464657,0.5402117434086098,1.0,0.7933964821026893,0.34838375449180603,0.85455721616745,0.5079055436750034,0.997339775110694,1
18,N2_awgn10,bonafide,0.5441496220966113,0.531302872181725,1.0,0.7585947318402972,0.30231649428606033,0.7894572019577026,0.481417275463214,0.9946222280608397,1
19,C0_clean,bonafide,0.5448755986670888,0.5392647130924894,1.0,0.8243936015644824,0.39030858874320984,1.0,0.4161419144243944,0.9985034241238799,1
19,C8_opus16,bonafide,0.5389183665261406,0.5415393615369727,1.0,0.8107734304805534,0.38063656389713285,0.9737352132797241,0.4087251401603744,0.9955393437351718,1
19,C9_opus6,bonafide,0.553562070850463,0.5248441392410608,1.0,0.2613028096058888,0.15,0.18096531927585602,0.05,0.5797222729851548,0
19,N1_awgn20,bonafide,0.5446631169086205,0.5292567110706812,1.0,0.7574918527437842,0.33001542538404466,0.8248566389083862,0.42644808471908385,0.9987159058823483,1
19,N2_awgn10,bonafide,0.5409350437271881,0.5344054994079904,1.0,0.7226095529962111,0.308281047642231,0.7736367583274841,0.37962681128117226,0.9975560209362194,1
20,C0_clean,bonafide,0.5442882981160101,0.5392003073501829,1.0,0.8570504713406493,0.39030858874320984,1.0,0.5237678108474776,0.9997337602880201,1
20,C8_opus16,bonafide,0.5355126489112165,0.5393821385856326,1.0,0.8214962755183173,0.38063656389713285,0.9737352132797241,0.44904918960486556,0.9909581110832265,1
20,C9_opus6,bonafide,0.5552239995195183,0.5249463000875716,1.0,0.25172737439499293,0.15,0.16663536429405212,0.05,0.566910762257907,0
20,N1_awgn20,bonafide,0.5511660491869002,0.5359538446358285,1.0,0.7707596518682005,0.3401677340269089,0.8248822689056396,0.47596732571205863,0.9933884886410899,1
20,N2_awgn10,bonafide,0.5473256417572617,0.5341189758418647,1.0,0.7626959086785815,0.31084829121828084,0.8062539100646973,0.4700855861049471,0.9972288960707283,1
21,C0_clean,bonafide,0.5404883804927442,0.5361349510807227,1.0,0.8340992614368345,0.39030856192111973,1.0,0.45062962003908974,0.9963679180836921,1
21,C8_opus16,bonafide,0.5430152871906329,0.5467304223045697,1.0,0.824530185360248,0.38063656389713285,0.9737352132797241,0.45122550871294714,0.9988948247815808,1
21,C9_opus6,bonafide,0.5612330323015838,0.5279249250124456,1.0,0.26846654064570347,0.15,0.17816609144210815,0.05,0.607333680229534,0
21,N1_awgn20,bonafide,0.5397053995949528,0.5320544997673676,1.0,0.7915847047194651,0.3343292057514191,0.8126554489135742,0.5594901466608836,0.9955849371859007,1
21,N2_awgn10,bonafide,0.5334783156728083,0.533273430597239,1.0,0.7408605804103205,0.2930381387472153,0.795110285282135,0.4200303677277989,0.9893578532637562,1
22,C0_clean,bonafide,0.5417087798788859,0.5493808541960795,1.0,0.836504573841147,0.3903085947036743,1.0,0.4575196893238104,0.9974955568133457,1
22,C8_opus16,bonafide,0.5376407774560935,0.5349826309088527,1.0,0.8382813751138389,0.38063656389713285,0.9737352132797241,0.49752119190930255,0.998436440763862,1
22,C9_opus6,bonafide,0.5587068126186447,0.5171516172037847,1.0,0.292033169968008,0.15,0.18763916194438934,0.05,0.6732583506341742,0
22,N1_awgn20,bonafide,0.5411885257788595,0.5278999233151627,1.0,0.7814082642971723,0.3594606623053551,0.8232797980308533,0.5089720060360644,0.9980158109133721,1
22,N2_awgn10,bonafide,0.543764127575037,0.5418522547585672,1.0,0.7672036123216386,0.3041300594806671,0.7831586599349976,0.5176936187082707,0.9954402091171946,1
23,C0_clean,bonafide,0.540026218498591,0.5402349029688237,1.0,0.8245098676179246,0.39030856192111973,1.0,0.42003124885231136,0.9950016432074372,1
23,C8_opus16,bonafide,0.543639545396143,0.5341366021186815,1.0,0.8151595981326667,0.38063656389713285,0.9737352132797241,0.4274967264260378,0.9913883163098852,1
23,C9_opus6,bonafide,0.5555744772034374,0.5272716997619006,1.0,0.2557768023270685,0.15,0.1856812685728073,0.05,0.5550143163264852,0
23,N1_awgn20,bonafide,0.5502297353801682,0.5378202187892224,1.0,0.7306006999232105,0.34500483274459837,0.807932436466217,0.3732942914632189,0.9847981263258601,1
23,N2_awgn10,bonafide,0.5518833243078494,0.5364508087412275,1.0,0.7361647745663691,0.3313518568873406,0.7936217784881592,0.4125756731721723,0.9831445373981789,1
24,C0_clean,bonafide,0.5503037396244099,0.548776704212216,1.0,0.8355906011099243,0.39030856192111973,1.0,0.4533759240705055,0.9985927462959092,1
24,C8_opus16,bonafide,0.5453831504891773,0.5427015840135203,1.0,0.8197056224553609,0.38063659071922307,0.9737352132797241,0.4375517925760463,0.9964866645688581,1
24,C9_opus6,bonafide,0.5631621275142243,0.5289731527076854,1.0,0.24751573163167262,0.15,0.184051513671875,0.05,0.5296504205430754,0
24,N1_awgn20,bonafide,0.5336936000822688,0.5347632048567079,1.0,0.7348950371372116,0.3218029007315636,0.8055119514465332,0.3908370743667112,0.9847971141619497,1
24,N2_awgn10,bonafide,0.5522161760247166,0.5356660831378625,1.0,0.7506794115208912,0.30902774780988695,0.7647804617881775,0.4858771127897981,0.9966803098956025,1
25,C0_clean,bonafide,0.5314830878032243,0.5397222615055169,1.0,0.808400481149387,0.39030856192111973,1.0,0.3809949270892554,0.9803400100753678,1
25,C8_opus16,bonafide,0.5403618219939351,0.5291374937653951,1.0,0.8270206903258028,0.38063656389713285,0.9737352132797241,0.46920327244696536,0.9892187442660786,1
25,C9_opus6,bonafide,0.5558950331351655,0.5254923578977548,1.0,0.2569087759094849,0.15,0.18296833336353302,0.05,0.5624048085469058,0
25,N1_awgn20,bonafide,0.5382656127074803,0.5361249241967091,1.0,0.7521951503953357,0.290292464196682,0.8219159841537476,0.4243066541331653,0.9871225349796238,1
25,N2_awgn10,bonafide,0.5400713697683224,0.5375202325775893,1.0,0.7460056224196583,0.3442301690578461,0.75,0.4977571160250619,0.9889282920404658,1
26,C0_clean,bonafide,0.5394648482002272,0.5348237883879031,1.0,0.8228417484036916,0.39030856192111973,1.0,0.4103563583868828,0.9991161362920894,1
26,C8_opus16,bonafide,0.5345359062714613,0.5492983299301765,1.0,0.8144455040406791,0.38063656389713285,0.9737352132797241,0.4223175347326409,0.9941871943633235,1
26,C9_opus6,bonafide,0.5568763575638405,0.5198013326560553,1.0,0.263566962849175,0.15,0.16499800980091095,0.05,0.6085591964293688,0
26,N1_awgn20,bonafide,0.5421796254215234,0.5397863600810276,1.0,0.7670763368168328,0.3177862480282784,0.8357763290405273,0.44438359751545853,0.9981690864866144,1
26,N2_awgn10,bonafide,0.5420184039051206,0.5324499991536035,1.0,0.7524435151881503,0.3019307255744934,0.7664545178413391,0.48787538550236526,0.9983303080030173,1
27,C0_clean,bonafide,0.5324240446890073,0.5468343713372227,1.0,0.7977109734813959,0.3903086215257645,1.0,0.33490394176322075,0.9907993031747655,1
27,C8_opus16,bonafide,0.5392801155366237,0.5423574890808733,1.0,0.8484652132211234,0.38063656389713285,0.9737352132797241,0.5322483856750642,0.9976553740223819,1
27,C9_opus6,bonafide,0.5579935410835775,0.5229231217317365,1.0,0.2547877084956013,0.15,0.178135484457016,0.05,0.561778382375983,0
27,N1_awgn20,bonafide,0.5443607095977933,0.5328748548551214,1.0,0.7432146864019303,0.32314124405384065,0.8328304290771484,0.36967768398712136,0.9972640319164485,1
27,N2_awgn10,bonafide,0.5417671355787874,0.529592259981928,1.0,0.7136234761366712,0.338006891310215,0.75,0.3788873145201163,0.9998576059354544,1
28,C0_clean,bonafide,0.5399601367934169,0.5473997206944502,1.0,0.844781924939658,0.3903085947036743,1.0,0.49408198784747254,0.988524428618054,1
28,C8_opus16,bonafide,0.5362188747277642,0.5470903246519428,1.0,0.8210895598923243,0.38063656389713285,0.9737352132797241,0.45386841538238093,0.9847831665524013,1
28,C9_opus6,bonafide,0.5592030642054876,0.5191133947460119,1.0,0.24823612348714072,0.15,0.17457430064678192,0.05,0.5446880107614265,0
28,N1_awgn20,bonafide,0.5534231243762856,0.5291311209569695,1.0,0.770775614873999,0.3520175710320473,0.8061979413032532,0.4963088773765821,0.9980125837990773,1
28,N2_awgn10,bonafide,0.5414043882724787,0.5329067719630888,1.0,0.7472831202177379,0.3268176406621933,0.7671199440956116,0.4781484618345285,0.9899686800971158,1
29,C0_clean,bonafide,0.5402426081397241,0.5358452494179449,1.0,0.8219787651265272,0.39030856192111973,1.0,0.40680046151600924,0.9997954222390816,1
29,C8_opus16,bonafide,0.5402741051871599,0.5382799640312624,1.0,0.828480115256081,0.38063659071922307,0.9737352132797241,0.46352284128899196,0.9997639251916458,1
29,C9_opus6,bonafide,0.551602416756206,0.5209759082807445,1.0,0.2812599933816315,0.15,0.19298824667930603,0.05,0.6302156490330302,0
29,N1_awgn20,bonafide,0.5383887149411685,0.537220170361985,1.0,0.7764891398798519,0.3102896362543106,0.8361754417419434,0.47504585938121907,0.9983506845623628,1
29,N2_awgn10,bonafide,0.5355826434514184,0.5387871311048745,1.0,0.7663407936318576,0.307308255136013,0.8035165071487427,0.4875693561685895,0.9955446130726127,1
30,C0_clean,bonafide,0.5361837042172874,0.5309755894966774,1.0,0.8425080269325024,0.39030856192111973,1.0,0.478529933429658,0.9964968230120167,1
30,C8_opus16,bonafide,0.5407657204677124,0.5407733167742019,1.0,0.7997572969649096,0.38063656389713285,0.9737352132797241,0.3686228781058419,0.9989211607375583,1
30,C9_opus6,bonafide,0.5521195035124518,0.5230285143687896,1.0,0.24764607284337478,0.15,0.16794566810131073,0.05,0.5515593520095017,0
30,N1_awgn20,bonafide,0.5435184185942378,0.5324165079359247,1.0,0.7584444924131648,0.3262728780508042,0.835928738117218,0.41740819460989204,0.996168462611033,1
30,N2_awgn10,bonafide,0.5485442542491668,0.5336027504492898,1.0,0.7563186508614942,0.33429040610790256,0.8243604898452759,0.43077222278850874,0.991142626956104,1
31,C0_clean,bonafide,0.5426490208895764,0.5472078431032895,1.0,0.816695565278911,0.39030856192111973,1.0,0.3935146572671191,0.9954705603292507,1
31,C8_opus16,bonafide,0.5365408194570531,0.5423600649014972,1.0,0.7842281254789986,0.38063656389713285,0.9737352132797241,0.32641777499363556,0.9893623588967274,1
31,C9_opus6,bonafide,0.5552693842949132,0.5255711181417284,1.0,0.26205995325684667,0.15,0.1857694387435913,0.05,0.5758405925313671,0
31,N1_awgn20,bonafide,0.5424260668145253,0.5426344573168135,1.0,0.7707840688586415,0.33649977147579196,0.8397773504257202,0.45432948937364503,0.9952476062541996,1
31,N2_awgn10,bonafide,0.5466880133103761,0.5329406151693877,1.0,0.7386691784745334,0.3768528431653977,0.75,0.46272104216506066,0.9995095527500504,1
32,C0_clean,bonafide,0.5419722607118915,0.5378950775958987,1.0,0.8280885396330295,0.39030858874320984,1.0,0.428372090609019,0.9985897081677461,1
32,C8_opus16,bonafide,0.5509022997276327,0.543830327782753,1.0,0.8257386089109373,0.38063656389713285,0.9737352132797241,0.46448874284482067,0.9896596691520049,1
32,C9_opus6,bonafide,0.5548577609001807,0.513321498763091,1.0,0.2531453930485932,0.15,0.17560607194900513,0.05,0.5596765475633039,0
32,N1_awgn20,bonafide,0.5417021460388084,0.5366323784369329,1.0,0.7374017988565631,0.3129307314753533,0.8270143270492554,0.3564604039487072,0.9988598228408292,1
32,N2_awgn10,bonafide,0.5460670599835975,0.534472074241179,1.0,0.7698465700574091,0.30708413273096086,0.7783788442611694,0.5338218656137641,0.9944949088960401,1
33,C0_clean,bonafide,0.5411780727905429,0.5438543259694348,1.0,0.8000422838302693,0.3903085947036743,1.0,0.33944323454960573,0.9940310448846253,1
33,C8_opus16,bonafide,0.5462440659504402,0.5411671863030666,1.0,0.8020444030385488,0.38063656389713285,0.9737352132797241,0.37607068771100793,0.9990970380445227,1
33,C9_opus6,bonafide,0.5542997077006987,0.5245331840050899,1.0,0.2704557016315513,0.15,0.18119263648986816,0.05,0.6099288234520134,0
33,N1_awgn20,bonafide,0.5390908400556759,0.5408116171797214,1.0,0.7588914920918264,0.3404195919632912,0.8329969048500061,0.4270319550229878,0.9919438121497584,1
33,N2_awgn10,bonafide,0.5446539003312997,0.5333156436209718,1.0,0.735489421434929,0.33728749155998233,0.7851965427398682,0.4071958087045566,0.9975068724253822,1
34,C0_clean,bonafide,0.5451876997212896,0.5374499180057263,1.0,0.8399427717570715,0.39030856192111973,1.0,0.4666831052643474,0.9997928005925576,1
34,C8_opus16,bonafide,0.535631477155494,0.537253237965214,1.0,0.8175169346905177,0.38063656389713285,0.9737352132797241,0.43650625323533143,0.990236578026762,1
34,C9_opus6,bonafide,0.5585455435123206,0.527688988553432,1.0,0.27808683336373435,0.15,0.16704794764518738,0.05,0.654225514352198,0
34,N1_awgn20,bonafide,0.5531707014844365,0.532344331582836,1.0,0.7631343344087218,0.3256229177117348,0.8106638789176941,0.47067174516118504,0.9922241976442955,1
34,N2_awgn10,bonafide,0.5361063987554786,0.5424802215574459,1.0,0.7135436293383528,0.314248962700367,0.75,0.38776726483442914,0.9907114996267467,1
35,C0_clean,bonafide,0.5413998431315992,0.5343725547635082,1.0,0.8327046343912918,0.3903086215257645,1.0,0.4472207664544773,0.9951280148498288,1
35,C8_opus16,bonafide,0.5411714016442817,0.540021678238619,1.0,0.8596502370148955,0.38063656389713285,0.9737352132797241,0.5722875989808414,0.9948995733625113,1
35,C9_opus6,bonafide,0.5599759222312984,0.5197005386109685,1.0,0.2737158380495327,0.15,0.1826455444097519,0.05,0.6188587342854398,0
35,N1_awgn20,bonafide,0.5508379980102397,0.5438550353537323,1.0,0.7796425609392903,0.3336179181933403,0.7944551110267639,0.5441012248237517,0.9954338302715307,1
35,N2_awgn10,bonafide,0.539065124444926,0.5353579168532828,1.0,0.7449067827781015,0.2918506175279617,0.7993425726890564,0.42443921617844077,0.9927932961631557,1
36,C0_clean,bonafide,0.5315376768514259,0.5476477515973031,1.0,0.8478905884640591,0.3903085947036743,1.0,0.5047095759235475,0.9882590522899825,1
36,C8_opus16,bonafide,0.5383908903846685,0.5344141823892937,1.0,0.8206576465801723,0.38063659071922307,0.9737352132797241,0.44209960507105056,0.995112265823225,1
36,C9_opus6,bonafide,0.5481273687383732,0.5171485434035927,1.0,0.2514260127811961,0.15,0.17991739511489868,0.05,0.5481968491174554,0
36,N1_awgn20,bonafide,0.5518839808220951,0.5351631700475339,1.0,0.7566041587194887,0.3257374241948128,0.8230563402175903,0.4332107650354936,0.9913946437393484,1
36,N2_awgn10,bonafide,0.542937617162862,0.53447004966797,1.0,0.7290239038178215,0.32488947063684465,0.7916833758354187,0.3748428523440947,0.9996589926014186,1
37,C0_clean,bonafide,0.5388453273489566,0.5434810318240672,1.0,0.8313866488331334,0.39030858874320984,1.0,0.4472852566741094,0.9906702394363356,1
37,C8_opus16,bonafide,0.5461581208821443,0.5381302608128203,1.0,0.8472356605070142,0.38063659071922307,0.9737352132797241,0.5424478047472673,0.9833574459031479,1
37,C9_opus6,bonafide,0.5511547284780278,0.5361794409945132,1.0,0.26196346077345095,0.15,0.16563209891319275,0.05,0.6023687373605795,0
37,N1_awgn20,bonafide,0.5429066205628326,0.5379631778054568,1.0,0.7706467032777807,0.3318814724683762,0.8486377000808716,0.45069646459564733,0.9866089462224596,1
37,N2_awgn10,bonafide,0.5412066723703077,0.5331907228890892,1.0,0.747827614051459,0.3032763823866844,0.7962508797645569,0.44278197940380287,0.9883088944149845,1
38,C0_clean,bonafide,0.5364357710866142,0.5405321511384595,1.0,0.8249284896643018,0.3903086215257645,1.0,0.4228287614433118,0.9935995374376941,1
38,C8_opus16,bonafide,0.548045260677319,0.5262198552236295,1.0,0.8191067189420571,0.38063656389713285,0.9737352132797241,0.43725113912895724,0.9947909729716011,1
38,C9_opus6,bonafide,0.5619782692850182,0.5217658270041924,1.0,0.26012800909993283,0.15,0.1739632487297058,0.05,0.5851423653601683,0
38,N1_awgn20,bonafide,0.5398407904576908,0.5307172468770257,1.0,0.7383912137089611,0.32911980450153355,0.8135063052177429,0.37962441526410895,0.9970045568087708,1
38,N2_awgn10,bonafide,0.5491333158339167,0.5419028516067914,1.0,0.770296454632269,0.29953015148639683,0.7772538065910339,0.5376135221711812,0.9937029178150034,1
39,C0_clean,bonafide,0.5373773986686011,0.5424468728061397,1.0,0.815294934936257,0.39030856192111973,1.0,0.3935474114391385,0.9907690383483849,1
39,C8_opus16,bonafide,0.5440902878852675,0.5382730772748039,1.0,0.8054067464480259,0.38063656389713285,0.9737352132797241,0.38889360955540275,0.9974819275650513,1
39,C9_opus6,bonafide,0.5544681174607414,0.5218529476724152,1.0,0.2820675276705834,0.15,0.182888925075531,0.05,0.6463731921345699,0
39,N1_awgn20,bonafide,0.5464129295110092,0.5396322548135541,1.0,0.7520603913174826,0.3257421851158142,0.8333374261856079,0.39594683362000516,0.999804569190793,1
39,N2_awgn10,bonafide,0.5460165524956253,0.5293585447336588,1.0,0.7424615133746195,0.3235934540629387,0.7807056307792664,0.4345226780343005,0.9994081921754091,1
40,C0_clean,bonafide,0.5373863848974049,0.5452450461291845,1.0,0.8291563428937663,0.3903086215257645,1.0,0.44075489317785055,0.9897662498013703,1
40,C8_opus16,bonafide,0.5334829892525877,0.531691558397975,1.0,0.8096877862007142,0.38063656389713285,0.9737352132797241,0.41478281547286205,0.9858628541565532,1
40,C9_opus6,bonafide,0.5593953728234397,0.51322502989387,1.0,0.28805101508525194,0.15,0.1817338466644287,0.05,0.6678582547316015,0
40,N1_awgn20,bonafide,0.5423851511574145,0.5344066878491889,1.0,0.779220432491126,0.35907944440841677,0.8565641641616821,0.46055087336013095,0.9947650160613799,1
40,N2_awgn10,bonafide,0.54403412296424,0.5412942129337185,1.0,0.7554653085484601,0.2999431282281876,0.7888851761817932,0.46995680571760357,0.9964139878682055,1
41,C0_clean,bonafide,0.5381819389389307,0.5397152718813947,1.0,0.8356377666306143,0.39030858874320984,1.0,0.4575150880730939,0.9946108006956205,1
41,C8_opus16,bonafide,0.5319744537711224,0.532733777155066,1.0,0.8256321065036141,0.38063656389713285,0.9737352132797241,0.46539008844460295,0.9884033155278121,1
41,C9_opus6,bonafide,0.560466770604391,0.5233417195310497,1.0,0.2641619777787932,0.15,0.1624774932861328,0.05,0.6139032682144668,0
41,N1_awgn20,bonafide,0.5398869662010981,0.5372007364473788,1.0,0.7502285566205011,0.3451673984527588,0.8110755085945129,0.4230120159845319,0.9963158279577878,1
41,N2_awgn10,bonafide,0.5461312415198138,0.5273971042375694,1.0,0.7377568225279943,0.28980381041765213,0.7955011129379272,0.4010813611192484,0.9974398967234964,1
42,C0_clean,bonafide,0.5412801486715694,0.5449134549197276,1.0,0.8400292733816779,0.3903086215257645,1.0,0.47362987412065216,0.9931343704849411,1
42,C8_opus16,bonafide,0.5455971460594962,0.5302703331089363,1.0,0.8487116123406886,0.38063656389713285,0.9737352132797241,0.5332737222231289,0.9974513678728679,1
42,C9_opus6,bonafide,0.5501151203633697,0.5260752899052974,1.0,0.2560309703011947,0.15,0.17434974014759064,0.05,0.5709702474738614,0
42,N1_awgn20,bonafide,0.5396304766479715,0.5335350196753021,1.0,0.7670990848107959,0.3309793129563332,0.829630434513092,0.45933833822385395,0.9914846984613432,1
42,N2_awgn10,bonafide,0.5401323343550015,0.5284930763863623,1.0,0.7165260386866681,0.3116440623998642,0.7625749707221985,0.3796669451575889,0.9919865561683733,1
43,C0_clean,bonafide,0.5352530055558403,0.5531619103241869,1.0,0.8499443384953356,0.3903086215257645,1.0,0.502682089830392,0.9971323718207269,1
43,C8_opus16,bonafide,0.5414494763528799,0.5351829153646884,1.0,0.830895201039773,0.38063659071922307,0.9737352132797241,0.4746658950440445,0.9966711573822336,1
43,C9_opus6,bonafide,0.5602671736817892,0.5203561865840669,1.0,0.26115163208085906,0.15,0.16171878576278687,0.05,0.6048803925858144,0
43,N1_awgn20,bonafide,0.5429883343915287,0.5422777327412764,1.0,0.8025682800740677,0.3377293646335602,0.8265683054924011,0.5780042269134398,0.9951322993435847,1
43,N2_awgn10,bonafide,0.5438135083131249,0.5448655524125678,1.0,0.7429754759375135,0.29678190350532535,0.8005774617195129,0.41484117874370563,0.9943071254219885,1
44,C0_clean,bonafide,0.5435387596772774,0.5371876661205287,1.0,0.861084649880089,0.39030856192111973,1.0,0.5406224278998465,0.9963264050337838,1
44,C8_opus16,bonafide,0.5453880679825392,0.5425837540766805,1.0,0.8323233304162792,0.38063656389713285,0.9737352132797241,0.48162038695277604,0.9944770967285219,1
44,C9_opus6,bonafide,0.5487028243261154,0.5230738849289321,1.0,0.2713691066592556,0.15,0.17230260372161865,0.05,0.6248268839020271,0
44,N1_awgn20,bonafide,0.5372409532247601,0.5379833142367193,1.0,0.7585247512018976,0.3307685315608978,0.8041162490844727,0.4588850500466627,0.9973757885136989,1
44,N2_awgn10,bonafide,0.5468792120396125,0.5413236438278158,1.0,0.7604493759815465,0.3072151780128479,0.7959870100021362,0.4805292872641912,0.9929859526714486,1
45,C0_clean,bonafide,0.5396491714427069,0.53169519533242,1.0,0.8396315693894152,0.3903085947036743,1.0,0.4729590039614219,0.9924795606699623,1
45,C8_opus16,bonafide,0.5415637341702211,0.5408325984515714,1.0,0.8292565956181215,0.38063656389713285,0.9737352132797241,0.4714809109566293,0.9943941233974766,1
45,C9_opus6,bonafide,0.5498832700746566,0.5183277043442005,1.0,0.28229757516483006,0.15,0.186649352312088,0.05,0.6421261141333161,0
45,N1_awgn20,bonafide,0.5469290424597177,0.5366200529077978,1.0,0.7639037227411498,0.3420480415225029,0.8239230513572693,0.44802224230716725,0.9997594316869732,1
45,N2_awgn10,bonafide,0.5488335234171634,0.5332776719716298,1.0,0.7521050805534442,0.29169768244028094,0.7928947806358337,0.4514878069747873,0.9983360873555811,1
46,C0_clean,bonafide,0.5378275188628384,0.5384541393826568,1.0,0.8263699451628643,0.3903086215257645,1.0,0.42688623556474786,0.9943469149781334,1
46,C8_opus16,bonafide,0.5381315526260881,0.5457534848934621,1.0,0.8262213765088102,0.38063656389713285,0.9737352132797241,0.46110668858168563,0.9946509487413832,1
46,C9_opus6,bonafide,0.5522571402953523,0.5305047126153188,1.0,0.26275512118914107,0.15,0.1634911596775055,0.05,0.6078621910604629,0
46,N1_awgn20,bonafide,0.5368383040250893,0.5370691454390722,1.0,0.763162860328664,0.36264821887016296,0.7866947054862976,0.5015922269734318,0.9933577001403843,1
46,N2_awgn10,bonafide,0.5446265126053738,0.5411123092163302,1.0,0.7636988361382193,0.34739192575216293,0.7892453670501709,0.4944815397811719,0.9988540912793312,1
47,C0_clean,bonafide,0.5514944906180963,0.5381858071978017,1.0,0.8528159317422043,0.3903085947036743,1.0,0.520467372009279,0.9889190671314019,1
47,C8_opus16,bonafide,0.547792218119994,0.5473725649942481,1.0,0.8155979493797294,0.38063656389713285,0.9737352132797241,0.4277248739299614,0.9926213396295042,1
47,C9_opus6,bonafide,0.5540141297539126,0.5166493175551498,1.0,0.25140757884861054,0.15,0.16857850551605225,0.05,0.5632539221406321,0
47,N1_awgn20,bonafide,0.5399347264784498,0.5360528612590958,1.0,0.7443199530379978,0.33484079539775846,0.8113142848014832,0.39979296166239664,0.9995211687289516,1
47,N2_awgn10,bonafide,0.5518942754495287,0.5308664568108478,1.0,0.7522335459688712,0.3098363414406777,0.7929113507270813,0.46171073662682605,0.9885192822999694,1
48,C0_clean,bonafide,0.5397526814517378,0.5433740974608331,1.0,0.8293394881744238,0.39030856192111973,1.0,0.43930055778872457,0.9918310694593548,1
48,C8_opus16,bonafide,0.5424373444653258,0.5403069653066598,1.0,0.8060079747303379,0.38063659071922307,0.9737352132797241,0.39386389892188506,0.9945157324729428,1
48,C9_opus6,bonafide,0.5588644892650061,0.5204090671337781,1.0,0.26058337764067097,0.15,0.17988835275173187,0.05,0.5787601217999273,0
48,N1_awgn20,bonafide,0.5408833576407405,0.5331523211269257,1.0,0.7503265510673008,0.3437693327665329,0.8169628381729126,0.4188429736787618,0.9929617456483575,1
48,N2_awgn10,bonafide,0.5521025212399493,0.5321462685312527,1.0,0.7515809751923435,0.407314857840538,0.75,0.5094508265553777,0.9958190907524337,1
49,C0_clean,bonafide,0.5372388847785952,0.5431646590887775,1.0,0.841591432139031,0.3903086215257645,1.0,0.4735707778193202,0.9984006626441163,1
49,C8_opus16,bonafide,0.5329465751594193,0.5472122302722449,1.0,0.8257704365321412,0.38063659071922307,0.9737352132797241,0.460146151042565,0.9941083530249405,1
49,C9_opus6,bonafide,0.5657097705099288,0.520205674403127,1.0,0.25573993839174536,0.15,0.16348089277744293,0.05,0.5844919376025606,0
49,N1_awgn20,bonafide,0.5451203554297325,0.5398446498835668,1.0,0.7684419112763503,0.3188264980912209,0.8275964260101318,0.4642932695362453,0.9937178667047464,1
49,N2_awgn10,bonafide,0.5435187107752953,0.5316050668645422,1.0,0.7756799832339403,0.3117090180516243,0.7798276543617249,0.5505102269383175,0.9953195113591835,1
50,C0_clean,A16_voice_conversion,0.5398343651356311,0.548972789317589,1.0,0.82291676101816,0.24160700440406802,1.0,0.41345349800290404,0.9962690387242963,1
50,C8_opus16,A16_voice_conversion,0.5422940620192418,0.5387427632585889,1.0,0.8018761878457159,0.26387881487607956,0.9412438869476318,0.42411943504819144,0.9938093418406856,1
50,C9_opus6,A16_voice_conversion,0.5625247537021595,0.5209700154524899,1.0,0.27587418382644935,0.15,0.1708606332540512,0.05,0.6417664350827629,0
50,N1_awgn20,A16_voice_conversion,0.5519422756709623,0.5402109018843477,1.0,0.7863019299554421,0.23859713971614838,0.8645630478858948,0.4840945744813156,0.9841611281889651,1
50,N2_awgn10,A16_voice_conversion,0.5461399733054544,0.5423568187509218,1.0,0.7628656647646801,0.23028054609894755,0.8406650424003601,0.432035395460647,0.989963430554473,1
51,C0_clean,A17_hybrid_tts,0.5453333734479459,0.5458464779522284,1.0,0.8420783992291971,0.24160700440406802,1.0,0.4753637015553649,0.998230962541959,1
51,C8_opus16,A17_hybrid_tts,0.5444186716989956,0.5379892873373684,1.0,0.8314248178825183,0.2638788014650345,0.9412438869476318,0.5191079495518763,0.9973162607930087,1
51,C9_opus6,A17_hybrid_tts,0.5574172914646413,0.5251596435118899,1.0,0.25660547360258135,0.15,0.1658138483762741,0.05,0.5842664475069056,0
51,N1_awgn20,A17_hybrid_tts,0.5488667056097284,0.5384810490434077,1.0,0.7854129579990619,0.2326702728867531,0.8762776851654053,0.4514372411467409,0.9982357052962585,1
51,N2_awgn10,A17_hybrid_tts,0.5367560564857285,0.5401759306395081,1.0,0.7614858980837037,0.22811825424432758,0.8222331404685974,0.45232182740780746,0.9896536455797417,1
52,C0_clean,A18_hybrid_tts,0.538461108825235,0.5410957516383197,1.0,0.8651189272254408,0.24160700440406802,1.0,0.558162736165273,0.9922336879195296,1
52,C8_opus16,A18_hybrid_tts,0.5490623886598647,0.5383484000770179,1.0,0.8143878197084663,0.2638788014650345,0.9412438869476318,0.4624691841855378,0.9971650322458407,1
52,C9_opus6,A18_hybrid_tts,0.55785896671012,0.5213039728459791,1.0,0.26805189828941345,0.15,0.17680704593658447,0.05,0.6077635997159323,0
52,N1_awgn20,A18_hybrid_tts,0.5375656292124021,0.5379666426612769,1.0,0.7945418245507576,0.23024082630872728,0.8650897145271301,0.5036815874929886,0.9913382083066967,1
52,N2_awgn10,A18_hybrid_tts,0.5496770070265365,0.5286822915941689,1.0,0.7494278343014185,0.24427525550127033,0.8149113059043884,0.41499395925304133,0.9965504138791689,1
53,C0_clean,A19_hybrid_tts,0.5478276201461717,0.5396712486946351,1.0,0.838371509311209,0.24160700440406802,1.0,0.4688605937532261,0.9923777706174703,1
53,C8_opus16,A19_hybrid_tts,0.5505809076082503,0.5315848082368715,1.0,0.8000569068252723,0.2638788014650345,0.9412438869476318,0.4222400236653401,0.9896244831553918,1
53,C9_opus6,A19_hybrid_tts,0.5457633049856718,0.5181365011455743,1.0,0.26835358199214976,0.15,0.16213326156139374,0.05,0.6283342578919742,0
53,N1_awgn20,A19_hybrid_tts,0.5397187766346769,0.5310593082182851,1.0,0.7877276307006665,0.2647071942687035,0.8730415105819702,0.46219003568855993,0.9995133858710349,1
53,N2_awgn10,A19_hybrid_tts,0.5469550840872726,0.5358000424836239,1.0,0.771980387977528,0.2487559050321579,0.8147960901260376,0.49362286641400727,0.9932503066763695,1
54,C0_clean,A07_neural_vocoder,0.5323723741453763,0.5365404596505938,1.0,0.8129904852546491,0.24160700440406802,1.0,0.3964957616836924,0.980139189165138,1
54,C8_opus16,A07_neural_vocoder,0.5423918195076608,0.5376186974496711,1.0,0.8078613548919471,0.2638788014650345,0.9412438869476318,0.4477206991822251,0.9901586345274225,1
54,C9_opus6,A07_neural_vocoder,0.558480399975564,0.5170221798860554,1.0,0.27792271538903107,0.15,0.16399385035037994,0.05,0.6577505841629303,0
54,N1_awgn20,A07_neural_vocoder,0.5480504636473816,0.5392496422424476,1.0,0.783233226135436,0.24507251381874084,0.8768007755279541,0.44589244108037157,0.9958172786671433,1
54,N2_awgn10,A07_neural_vocoder,0.5464494182855453,0.5386379609157025,1.0,0.7681045305912158,0.24655739367008211,0.8199709057807922,0.4728376609576892,0.994216233305307,1
55,C0_clean,A08_neural_vocoder,0.5409826058485074,0.5435450187879426,1.0,0.8533679855667373,0.24160699099302294,1.0,0.5164576265066216,0.9947689920491697,1
55,C8_opus16,A08_neural_vocoder,0.5483757083382947,0.5354429162286564,1.0,0.8095028910030573,0.2638788014650345,0.9412438869476318,0.4455132152856387,0.997837905461043,1
55,C9_opus6,A08_neural_vocoder,0.5657537644046778,0.5238914598344302,1.0,0.2518461353078264,0.15,0.16254688799381256,0.05,0.5727579337010047,0
55,N1_awgn20,A08_neural_vocoder,0.539555085460086,0.5349508774773282,1.0,0.7892479876010974,0.24551184475421906,0.859089732170105,0.4920321774494362,0.9933414716607483,1
55,N2_awgn10,A08_neural_vocoder,0.5408478853654245,0.5247711864051854,1.0,0.7428588312722446,0.25986796617507935,0.8445291519165039,0.35552296345272344,0.9946342715660867,1
56,C0_clean,A10_neural_vocoder,0.5439290007932542,0.5421272878089248,1.0,0.8437516653689596,0.24160700440406802,1.0,0.48802073280721486,0.9911514850893172,1
56,C8_opus16,A10_neural_vocoder,0.5409365654803374,0.5388068650434998,1.0,0.7952360887527847,0.2638788014650345,0.9412438869476318,0.40165119284353934,0.994143920402234,1
56,C9_opus6,A10_neural_vocoder,0.5507187910087835,0.5223845646761055,1.0,0.26511034097300945,0.15,0.17446927726268768,0.05,0.6010754335597812,0
56,N1_awgn20,A10_neural_vocoder,0.5325358572893483,0.5360195814559273,1.0,0.7824717209118518,0.2507906511425972,0.8627734184265137,0.46041914039737764,0.9974553714067769,1
56,N2_awgn10,A10_neural_vocoder,0.5388202478718969,0.5347661506141989,1.0,0.7470813492558062,0.2402260795235634,0.808582603931427,0.41590078760011007,0.9962602380106745,1
57,C0_clean,A13_voice_conversion,0.537144105051086,0.5428629139067809,1.0,0.8401593446440567,0.24160700440406802,1.0,0.4820421430633505,0.9851556724168383,1
57,C8_opus16,A13_voice_conversion,0.5457982882914255,0.5391230319727394,1.0,0.8306308907087119,0.2638788014650345,0.9412440061569214,0.5199677718293001,0.9938098556571778,1
57,C9_opus6,A13_voice_conversion,0.5532047229832678,0.528036559228343,1.0,0.27383392418427055,0.15,0.17802965641021729,0.05,0.6254068720672787,0
57,N1_awgn20,A13_voice_conversion,0.5398478481903204,0.5440629460800486,1.0,0.7966206304341484,0.2694508135318756,0.8737987875938416,0.5024776357659668,0.9878594155560727,1
57,N2_awgn10,A13_voice_conversion,0.5534251785029121,0.5335051867697664,1.0,0.7765554875140713,0.2567590340971947,0.8475562930107117,0.45987998023462,0.9985632541313356,1
58,C0_clean,A14_voice_conversion,0.5367429099819278,0.5375805708297284,1.0,0.8334875890417701,0.24160700440406802,1.0,0.4598955391731324,0.9850630909661015,1
58,C8_opus16,A14_voice_conversion,0.5432959519930569,0.5414390551791302,1.0,0.8041771850493071,0.2638788014650345,0.9412438869476318,0.433982634590284,0.9916161329772306,1
58,C9_opus6,A14_voice_conversion,0.553598036800242,0.5321711790305688,1.0,0.2709051476373915,0.15,0.17667315900325775,0.05,0.6174529467869613,0
58,N1_awgn20,A14_voice_conversion,0.5435718511030432,0.5400958953942002,1.0,0.77370377240965,0.2705449879169465,0.8514152765274048,0.45190017390841003,0.9918920320872169,1
58,N2_awgn10,A14_voice_conversion,0.5421249265188922,0.5282452704246031,1.0,0.7485554596527655,0.25767556279897696,0.8294095396995544,0.3988603717400797,0.9904451075030659,1
59,C0_clean,A16_voice_conversion,0.5375840676885032,0.5478699338164502,1.0,0.8424843247181841,0.24160700440406802,1.0,0.4823597969851371,0.9925879520754768,1
59,C8_opus16,A16_voice_conversion,0.5338532478599982,0.5399471368317525,1.0,0.7897682095081091,0.2638788014650345,0.9412438869476318,0.3887117168498829,0.9888571322469718,1
59,C9_opus6,A16_voice_conversion,0.5618749643552773,0.5287539313249401,1.0,0.26174844152166166,0.15,0.16802635788917542,0.05,0.5984596612199717,0
59,N1_awgn20,A16_voice_conversion,0.5466970460539342,0.5409828680255663,1.0,0.7863253840385982,0.26327584087848666,0.8860626816749573,0.44136863500295903,0.9982990695590922,1
59,N2_awgn10,A16_voice_conversion,0.5512274135291776,0.5430557449901892,1.0,0.7325904926594289,0.26481740921735764,0.8077644109725952,0.3711803921507875,0.9937687020838488,1
60,C0_clean,A17_hybrid_tts,0.5424701509314137,0.5413033688291196,1.0,0.8401576636698727,0.24160700440406802,1.0,0.46979017667187045,0.9974020355610387,1
60,C8_opus16,A17_hybrid_tts,0.5378170054213571,0.5386971073839955,1.0,0.8026264231500428,0.2638788014650345,0.9412438869476318,0.42248474230772903,0.9979448189289047,1
60,C9_opus6,A17_hybrid_tts,0.5625620949463792,0.5271600437031594,1.0,0.22684849155079112,0.15,0.16507750749588013,0.05,0.48605829517479693,0
60,N1_awgn20,A17_hybrid_tts,0.5342732280955504,0.5352159983035434,1.0,0.7911158581976926,0.25591680854558946,0.8514101505279541,0.5074382850186052,0.9944010416030981,1
60,N2_awgn10,A17_hybrid_tts,0.5367343930097317,0.5425963335485564,1.0,0.753107605769068,0.23556241542100909,0.8396099805831909,0.3940165052686928,0.9968622065172793,1
61,C0_clean,A18_hybrid_tts,0.5397653971056041,0.5423852041361157,1.0,0.8399287291596098,0.24160700440406802,1.0,0.4673251940865358,0.9991039031121636,1
61,C8_opus16,A18_hybrid_tts,0.5347601611401045,0.5438062118361884,1.0,0.8108794832889559,0.2638788014650345,0.9412438869476318,0.4538410945530128,0.994098667146664,1
61,C9_opus6,A18_hybrid_tts,0.5541353536107781,0.5308996624265869,1.0,0.27311993037366944,0.15,0.16979317367076874,0.05,0.6340088696845397,0
61,N1_awgn20,A18_hybrid_tts,0.5406336546108084,0.5360118816115126,1.0,0.7821630035210823,0.24522066414356233,0.8810028433799744,0.432567393279607,0.9999721606173678,1
61,N2_awgn10,A18_hybrid_tts,0.5469096772611578,0.5371502082359554,1.0,0.7642767647730975,0.270440348982811,0.75,0.5538373991780421,0.9937518167322827,1
62,C0_clean,A19_hybrid_tts,0.5387047892708965,0.5390182507545751,1.0,0.8357478489856188,0.24160699099302294,1.0,0.4619394579513257,0.9905533720007372,1
62,C8_opus16,A19_hybrid_tts,0.5409890110784982,0.5424630254571376,1.0,0.8082748140303435,0.2638788014650345,0.9412438869476318,0.44641993702929683,0.9928375938083389,1
62,C9_opus6,A19_hybrid_tts,0.5570890078981222,0.5268339219169923,1.0,0.25744583165698315,0.15,0.15853607654571533,0.05,0.5967713367956566,0
62,N1_awgn20,A19_hybrid_tts,0.5331577132654955,0.5414329216853564,1.0,0.7687070828902197,0.2755254074931145,0.8425641655921936,0.45393175951580456,0.9850062959953363,1
62,N2_awgn10,A19_hybrid_tts,0.5486762771556672,0.5218324965026626,1.0,0.7663153370454371,0.24113125056028367,0.8156886696815491,0.46732442379489963,0.999475140114492,1
63,C0_clean,A07_neural_vocoder,0.5455409140836877,0.5348004703643724,1.0,0.8305358677456076,0.24160699099302294,1.0,0.44302051859224134,0.9920990405597839,1
63,C8_opus16,A07_neural_vocoder,0.535908044445179,0.5357060329354737,1.0,0.8154290146313738,0.2638788014650345,0.9412438869476318,0.4806386952531285,0.9824661709212753,1
63,C9_opus6,A07_neural_vocoder,0.5659204409881221,0.5280000544346557,1.0,0.2739424982799083,0.15,0.18248578906059265,0.05,0.6198272755189042,0
63,N1_awgn20,A07_neural_vocoder,0.5442943410783865,0.5495475418601361,1.0,0.7851213025223925,0.27018601000308995,0.8765231966972351,0.45752094525717885,0.9908524675544828,1
63,N2_awgn10,A07_neural_vocoder,0.5447454375458155,0.5415133296677975,1.0,0.7567279410062577,0.23718905448913574,0.81300288438797,0.44711906014832076,0.9913035640219118,1
64,C0_clean,A08_neural_vocoder,0.543193651110146,0.5342849754363476,1.0,0.8512052610170124,0.24160700440406802,1.0,0.509351515278019,0.994666021445356,1
64,C8_opus16,A08_neural_vocoder,0.535443395295954,0.5403380550651479,1.0,0.8320737574529184,0.2638788014650345,0.9412438869476318,0.5316715766150548,0.986915765631164,1
64,C9_opus6,A08_neural_vocoder,0.5524944609822756,0.5234134680346627,1.0,0.2736283442761961,0.15,0.1867079883813858,0.05,0.6131504964121391,0
64,N1_awgn20,A08_neural_vocoder,0.5446977459277774,0.5454804141886923,1.0,0.7869085499786312,0.2434445396065712,0.8705928921699524,0.46606786077251366,0.9961701162629875,1
64,N2_awgn10,A08_neural_vocoder,0.5424118970012354,0.5411877556637532,1.0,0.7673146911698714,0.25824250280857086,0.8183659911155701,0.472676715075699,0.9938842673364454,1
65,C0_clean,A10_neural_vocoder,0.5429870003492493,0.5435058637115545,1.0,0.8147977771443329,0.24160700440406802,1.0,0.38861960924315037,0.9940396479046261,1
65,C8_opus16,A10_neural_vocoder,0.5480536563276055,0.5380745998037901,1.0,0.8067659933935476,0.26387881487607956,0.9412438869476318,0.4351218248320004,0.9991063038829823,1
65,C9_opus6,A10_neural_vocoder,0.557174514914872,0.5179719919180097,1.0,0.2467867364585816,0.15,0.17266836762428284,0.05,0.5423979646962283,0
65,N1_awgn20,A10_neural_vocoder,0.5384690530644692,0.5323391784466577,1.0,0.8016968900131125,0.2453416727483273,0.8648070096969604,0.5297252531612486,0.989521700619846,1
65,N2_awgn10,A10_neural_vocoder,0.5400261964628923,0.5301635458316228,1.0,0.7356026974746306,0.22586867064237595,0.8389497399330139,0.34233049431981427,0.9910788440182691,1
66,C0_clean,A13_voice_conversion,0.5365592482741114,0.5512621790267216,1.0,0.8457520080821683,0.24160700440406802,1.0,0.5004908544671317,0.9853491724734295,1
66,C8_opus16,A13_voice_conversion,0.5395509653435042,0.5263278491645849,1.0,0.8227263039467734,0.2638788014650345,0.9412438869476318,0.4990882743495797,0.9883408895428223,1
66,C9_opus6,A13_voice_conversion,0.5683343447398993,0.5161725057892366,1.0,0.23766257749760739,0.15,0.15601840615272522,0.05,0.5341840501217243,0
66,N1_awgn20,A13_voice_conversion,0.5544542435132485,0.5446658826110006,1.0,0.8042556765353321,0.25399251580238347,0.8872259259223938,0.501128521600482,0.9967558322874335,1
66,N2_awgn10,A13_voice_conversion,0.5459241968563368,0.5413166526458913,1.0,0.7828643701572768,0.2404309302568436,0.8524787425994873,0.478195456002618,0.9947141210556548,1
67,C0_clean,A14_voice_conversion,0.5405210055197595,0.5396870343605025,1.0,0.8373357801307884,0.24160700440406802,1.0,0.4640595711984688,0.9937263625708256,1
67,C8_opus16,A14_voice_conversion,0.5397717468767135,0.5303600936679758,1.0,0.7980812171243865,0.2638788014650345,0.9412438869476318,0.41230177055666617,0.9929771039277796,1
67,C9_opus6,A14_voice_conversion,0.5561898567795471,0.5242179158422465,1.0,0.2780729291657189,0.15,0.16592225432395935,0.05,0.6556800914537839,0
67,N1_awgn20,A14_voice_conversion,0.5348775506451379,0.5323218056538946,1.0,0.7905985481338202,0.24554389864206316,0.8634973168373108,0.49591583030011566,0.988082907696204,1
67,N2_awgn10,A14_voice_conversion,0.5384264006559047,0.5355379966264187,1.0,0.7798243426599907,0.23581621795892715,0.8330581188201904,0.49703855939941083,0.9916317577069709,1
68,C0_clean,A16_voice_conversion,0.5405268775307298,0.533329872525409,1.0,0.8189078182877276,0.24160700440406802,1.0,0.40158277725681824,0.994776617035607,1
68,C8_opus16,A16_voice_conversion,0.54277403193176,0.5308599090712943,1.0,0.8015841715507757,0.2638788014650345,0.9412438869476318,0.4199316178024393,0.9970237714366372,1
68,C9_opus6,A16_voice_conversion,0.5584783869449214,0.524843557415204,1.0,0.2858494200572997,0.15,0.1861993372440338,0.05,0.6545656171989538,0
68,N1_awgn20,A16_voice_conversion,0.5402611418023542,0.538203318007181,1.0,0.7870682417722812,0.23426339849829675,0.8795915246009827,0.45626122513239536,0.9945108813072314,1
68,N2_awgn10,A16_voice_conversion,0.5433265173297016,0.5371207414779463,1.0,0.7807780079244571,0.2557430222630501,0.845889151096344,0.4771649014518194,0.9975762568345788,1
69,C0_clean,A17_hybrid_tts,0.5329869736410016,0.5487478837159347,1.0,0.8231055658607462,0.24160700440406802,1.0,0.4168549541224526,0.9934969320800353,1
69,C8_opus16,A17_hybrid_tts,0.5377105962720679,0.5352328414111067,1.0,0.7923057726615139,0.2638788014650345,0.9412438869476318,0.38780683823043577,0.9982205547111016,1
69,C9_opus6,A17_hybrid_tts,0.5608370290922113,0.5202701396712917,1.0,0.27109978579690536,0.15,0.18187963962554932,0.05,0.6111597664889521,0
69,N1_awgn20,A17_hybrid_tts,0.5530813629236417,0.5317063906200777,1.0,0.7712800520968054,0.2399576395750046,0.882219135761261,0.40823264733701214,0.9864086786373245,1
69,N2_awgn10,A17_hybrid_tts,0.5460988806567204,0.5391389992351976,1.0,0.7790647338834804,0.2387874498963356,0.8535001873970032,0.4654910355113514,0.9933911609042458,1
70,C0_clean,A18_hybrid_tts,0.5402190573598956,0.5392649899918576,1.0,0.8324963382002839,0.24160700440406802,1.0,0.4435089650133287,0.9981454956542841,1
70,C8_opus16,A18_hybrid_tts,0.5522277372690041,0.5360374188139135,1.0,0.8229094888619587,0.2638788014650345,0.9412438869476318,0.4981939558397455,0.9898458244366074,1
70,C9_opus6,A18_hybrid_tts,0.5496615789932485,0.5194710332690076,1.0,0.2844575238424528,0.15,0.17447030544281006,0.05,0.6655646722177627,0
70,N1_awgn20,A18_hybrid_tts,0.5405697615426197,0.5395072126447668,1.0,0.7929603171390558,0.26843896061182027,0.8331148624420166,0.533885040703822,0.9984961998370082,1
70,N2_awgn10,A18_hybrid_tts,0.5416551983350101,0.5354312611595408,1.0,0.7882836995367974,0.24463888406753542,0.8224581480026245,0.5314198311564269,0.9995816366293986,1
71,C0_clean,A19_hybrid_tts,0.53675361227467,0.5338802986661888,1.0,0.818777254092931,0.24160700440406802,1.0,0.39926216346535665,0.9966620168444131,1
71,C8_opus16,A19_hybrid_tts,0.5373252572978471,0.5399938061058135,1.0,0.8111788815213603,0.2638788014650345,0.9412438273429871,0.4517041734129613,0.9972336618675902,1
71,C9_opus6,A19_hybrid_tts,0.5485860537499733,0.5136657898061514,1.0,0.2721780392183436,0.15,0.18172340095043182,0.05,0.6149622627939029,0
71,N1_awgn20,A19_hybrid_tts,0.536469032569813,0.5458456242709195,1.0,0.8019835127635854,0.24502834677696228,0.8741381168365479,0.5113834496236647,0.9963774371395562,1
71,N2_awgn10,A19_hybrid_tts,0.539744086209947,0.5364520091229725,1.0,0.7757981225996174,0.24934455305337908,0.8365427255630493,0.47095095046830227,0.9996524907796901,1
72,C0_clean,A07_neural_vocoder,0.5426937799622319,0.5353966320346032,1.0,0.8352107244910733,0.24160700440406802,1.0,0.4538002695706206,0.9969021453996233,1
72,C8_opus16,A07_neural_vocoder,0.5341065497765225,0.5382687474322092,1.0,0.810532441703768,0.26387881487607956,0.9412438869476318,0.4584680412018039,0.9883149152139139,1
72,C9_opus6,A07_neural_vocoder,0.5519269994661494,0.529010012929498,1.0,0.27337890398141895,0.15,0.1776731163263321,0.05,0.624365524836287,0
72,N1_awgn20,A07_neural_vocoder,0.5412311324761049,0.5432523137753171,1.0,0.760983663412383,0.2554482683539391,0.8593412637710571,0.39538436176637104,0.9954394979134963,1
72,N2_awgn10,A07_neural_vocoder,0.5546044685445587,0.5389587683523217,1.0,0.7743254866170082,0.22632638886570933,0.8496089577674866,0.45708584568199523,0.9911871660180499,1
73,C0_clean,A08_neural_vocoder,0.5406677045239114,0.5392376508180973,1.0,0.8293754907194009,0.24160700440406802,1.0,0.43454417678987495,0.9967074589414613,1
73,C8_opus16,A08_neural_vocoder,0.5459586338450203,0.534894930436413,1.0,0.8215196684506105,0.2638788014650345,0.9412438869476318,0.4854054338344295,0.9980016117374299,1
73,C9_opus6,A08_neural_vocoder,0.5501518741821776,0.5140109341845172,1.0,0.2649351169236219,0.15,0.15959805250167847,0.05,0.6203196530765017,0
73,N1_awgn20,A08_neural_vocoder,0.5321786610775198,0.5389997789803728,1.0,0.7560527447102707,0.2626274436712265,0.8528442978858948,0.39483166969130634,0.9882184154950696,1
73,N2_awgn10,A08_neural_vocoder,0.5435318526642854,0.5406302466502734,1.0,0.8010223304463451,0.2306555457413197,0.8218896389007568,0.5746499758716396,0.9995716070818352,1
74,C0_clean,A10_neural_vocoder,0.5445953824149389,0.5385486272790567,1.0,0.8331607845154725,0.24160700440406802,1.0,0.44505551734044285,0.998813764377799,1
74,C8_opus16,A10_neural_vocoder,0.5427836112920275,0.5354844254707375,1.0,0.8153207788399182,0.2638788014650345,0.9412438869476318,0.46336961570359514,0.9993744644992896,1
74,C9_opus6,A10_neural_vocoder,0.5617817305860883,0.5258610303794464,1.0,0.24778800745039536,0.15,0.15892405807971954,0.05,0.5640612807283585,0
74,N1_awgn20,A10_neural_vocoder,0.5427354504536381,0.5426484323922989,1.0,0.7795996997216244,0.25343388319015503,0.8609477281570435,0.4514090578684564,0.9993263036609003,1
74,N2_awgn10,A10_neural_vocoder,0.5434040228448241,0.5405596738574517,1.0,0.7715357835378291,0.2299618296325207,0.8235421180725098,0.47373491164399767,0.9999948760520863,1
75,C0_clean,A13_voice_conversion,0.540051763099217,0.5334408188382492,1.0,0.840397372201517,0.24160700440406802,1.0,0.47789051531759313,0.9901007253541304,1
75,C8_opus16,A13_voice_conversion,0.539648998739274,0.5357773167281563,1.0,0.7924302381311783,0.2638788014650345,0.9412438869476318,0.39674431684623135,0.9896979609941874,1
75,C9_opus6,A13_voice_conversion,0.555939058680538,0.5234093344290205,1.0,0.263878009142979,0.15,0.1563042402267456,0.05,0.6211877101742692,0
75,N1_awgn20,A13_voice_conversion,0.545121204603561,0.5376336756896207,1.0,0.7787196406980573,0.2596216931939125,0.8655651807785034,0.44647506109704543,0.9951701668584744,1
75,N2_awgn10,A13_voice_conversion,0.5381537530426554,0.5364291322096427,1.0,0.7448202158589773,0.2551456391811371,0.8574784994125366,0.3512266716823064,0.9882027152975689,1
76,C0_clean,A14_voice_conversion,0.5476537541617186,0.5460938092584866,1.0,0.8407882625871659,0.24160700440406802,1.0,0.4799964364998102,0.9892977721240759,1
76,C8_opus16,A14_voice_conversion,0.5486287529452971,0.5395682150249632,1.0,0.8047927437172488,0.2638788014650345,0.9412438869476318,0.4393278564534896,0.9883227733404973,1
76,C9_opus6,A14_voice_conversion,0.5546007683432052,0.5206467884835001,1.0,0.2656463997862361,0.15,0.18569009006023407,0.05,0.5879012125404749,0
76,N1_awgn20,A14_voice_conversion,0.5437478368796997,0.5379071141374271,1.0,0.7692233391872647,0.24691580161452298,0.8552122116088867,0.43059115907293855,0.9932036894060947,1
76,N2_awgn10,A14_voice_conversion,0.5454549890913007,0.5426829331313627,1.0,0.7670886866092699,0.24966007769107817,0.8364850878715515,0.45015230100767073,0.9914965371944937,1
77,C0_clean,A16_voice_conversion,0.5272303943254902,0.5446715995561964,1.0,0.8065713175677365,0.24160699099302294,1.0,0.3757551015775048,0.9794826236482835,1
77,C8_opus16,A16_voice_conversion,0.5400512952515839,0.5329743126086559,1.0,0.7886854316751346,0.2638788014650345,0.9412438869476318,0.38165606507922895,0.9923035245743772,1
77,C9_opus6,A16_voice_conversion,0.5473370271834569,0.5207705186250094,1.0,0.23696890506712182,0.15,0.1826535314321518,0.05,0.4963583083142036,0
77,N1_awgn20,A16_voice_conversion,0.5446328700865221,0.5299315920966201,1.0,0.7723948619088219,0.25260129570961,0.8663074970245361,0.42268777758737586,0.9968850994093154,1
77,N2_awgn10,A16_voice_conversion,0.5449234507541351,0.5378964574980055,1.0,0.7369031028197659,0.2638864427804947,0.75,0.4591679959889578,0.9971756800769284,1
78,C0_clean,A17_hybrid_tts,0.5459828575083225,0.5392073521348651,1.0,0.8196884791869012,0.24160700440406802,1.0,0.40134655295592225,0.9976150443337483,1
78,C8_opus16,A17_hybrid_tts,0.5365087824656813,0.5366084664829952,1.0,0.8089612508734869,0.26387881487607956,0.9412438869476318,0.44863477302450344,0.9929108806236105,1
78,C9_opus6,A17_hybrid_tts,0.551974900886233,0.5167415798289757,1.0,0.24765897409812923,0.15,0.18005427718162537,0.05,0.5354575440849303,0
78,N1_awgn20,A17_hybrid_tts,0.5429151664538708,0.5326928514670702,1.0,0.7776270375033416,0.3114740714430809,0.8019107580184937,0.5235585163746804,0.9993172646118,1
78,N2_awgn10,A17_hybrid_tts,0.540197713755631,0.5459042571134195,1.0,0.7850626847987054,0.22439711093902587,0.8387104272842407,0.5019952343698039,0.9965998119135602,1
79,C0_clean,A18_hybrid_tts,0.5507865410663275,0.5369714253849833,1.0,0.8263622553649251,0.24160700440406802,1.0,0.4256044295927149,0.9956030882903689,1
79,C8_opus16,A18_hybrid_tts,0.5426715851630798,0.5453335841859467,1.0,0.8215135721011073,0.2638788014650345,0.9412438869476318,0.48710476860046537,0.9962819558063833,1
79,C9_opus6,A18_hybrid_tts,0.5646283756595567,0.5254790410387732,1.0,0.25045102204452685,0.15,0.1589590162038803,0.05,0.5728913852099158,0
79,N1_awgn20,A18_hybrid_tts,0.5434674974504728,0.5353885714483804,1.0,0.8086277532398483,0.246505531668663,0.8607589602470398,0.5506693623763311,0.9970778680937764,1
79,N2_awgn10,A18_hybrid_tts,0.5374020621959216,0.5310042361638768,1.0,0.7523200615683423,0.2777386367321014,0.7931153178215027,0.4592340152932454,0.9910124328392251,1
80,C0_clean,A19_hybrid_tts,0.5347654450865903,0.5426832637626364,1.0,0.8208755984794895,0.24160699099302294,1.0,0.4171552860514302,0.9857633755468681,1
80,C8_opus16,A19_hybrid_tts,0.5447698888143727,0.5438051161679818,1.0,0.8280134628813929,0.2638788014650345,0.9412438869476318,0.5092852077331499,0.9957678192746505,1
80,C9_opus6,A19_hybrid_tts,0.5526817856226359,0.5219208397403062,1.0,0.26267478249287757,0.15,0.17671194672584534,0.05,0.5899666793417981,0
80,N1_awgn20,A19_hybrid_tts,0.545467374030768,0.5395932148766435,1.0,0.8001380237997566,0.24342643842101097,0.8656888008117676,0.5164097070924529,0.9964653044910458,1
80,N2_awgn10,A19_hybrid_tts,0.5397832940962836,0.5416383153922221,1.0,0.8046916975768006,0.2556890770792961,0.8499557375907898,0.5582501172450542,0.9907812245565614,1
81,C0_clean,A07_neural_vocoder,0.5476423421320626,0.5425391787814482,1.0,0.8377217012306757,0.24160699099302294,1.0,0.46342961394316284,0.9956427234924228,1
81,C8_opus16,A07_neural_vocoder,0.5465376589475963,0.5370001140912383,1.0,0.8185962179678641,0.2638788014650345,0.9412438869476318,0.47691480395248165,0.9967474066768891,1
81,C9_opus6,A07_neural_vocoder,0.5521539673631684,0.5184259383300315,1.0,0.24440340693021928,0.15,0.1824992150068283,0.05,0.5213457364249598,0
81,N1_awgn20,A07_neural_vocoder,0.5371328517661335,0.5362448382873293,1.0,0.8110195708967628,0.23906259760260584,0.8675553202629089,0.5528103564970162,0.993847786141648,1
81,N2_awgn10,A07_neural_vocoder,0.546039849689302,0.5395758698624401,1.0,0.7399650412770943,0.23489291071891785,0.7748591899871826,0.436159335005554,0.9972452159351834,1
82,C0_clean,A08_neural_vocoder,0.539164391431068,0.5414128997524416,1.0,0.8238124456182467,0.24160700440406802,1.0,0.4208461280715531,0.9918620239892693,1
82,C8_opus16,A08_neural_vocoder,0.5492118501411474,0.541279752497144,1.0,0.807194343076495,0.26387881487607956,0.9412438869476318,0.4375654436908227,0.9980905173006513,1
82,C9_opus6,A08_neural_vocoder,0.5600487009734391,0.5245307957503286,1.0,0.2519517757607298,0.15,0.18128439784049988,0.05,0.5481267220817662,0
82,N1_awgn20,A08_neural_vocoder,0.5392005004584091,0.5348996316638831,1.0,0.7894190606339094,0.25835556089878087,0.8771357536315918,0.4699843975876321,0.9918981330166103,1
82,N2_awgn10,A08_neural_vocoder,0.5496240242000179,0.5366737490408306,1.0,0.774446786396866,0.23624273240566257,0.8283695578575134,0.4793182009377547,0.9976783432417808,1
83,C0_clean,A10_neural_vocoder,0.5412037658974429,0.553008415570902,1.0,0.859531104419863,0.24160700440406802,1.0,0.5351107472317619,0.996659600834448,1
83,C8_opus16,A10_neural_vocoder,0.5323713084652683,0.5425915858444754,1.0,0.8163283424842079,0.2638788014650345,0.9412438869476318,0.47827548228157724,0.9878271434022734,1
83,C9_opus6,A10_neural_vocoder,0.5583908666829436,0.5228226453215515,1.0,0.25060692599393436,0.15,0.17574626207351685,0.05,0.5510280705484254,0
83,N1_awgn20,A10_neural_vocoder,0.5383727319918015,0.5344720484881285,1.0,0.7775065359623936,0.23374812975525858,0.868733286857605,0.43954883713569876,0.9938285669288066,1
83,N2_awgn10,A10_neural_vocoder,0.5513523318078746,0.5389705483629974,1.0,0.7817300403204941,0.23858962804079056,0.8498595356941223,0.4794289202210305,0.9931918332551203,1
84,C0_clean,A13_voice_conversion,0.5459831574332283,0.5369510854784031,1.0,0.8389802682002809,0.24160700440406802,1.0,0.47223013341100706,0.9910374272565958,1
84,C8_opus16,A13_voice_conversion,0.5412485632346934,0.5349003861735415,1.0,0.8082189037154983,0.2638788014650345,0.9412438869476318,0.44329914166635415,0.9957720214551308,1
84,C9_opus6,A13_voice_conversion,0.5595445742807306,0.5192593669994783,1.0,0.2636870581658945,0.15,0.18484139442443848,0.05,0.5825016679870636,0
84,N1_awgn20,A13_voice_conversion,0.5413605766521083,0.5454100768436,1.0,0.7800388745273885,0.2863728404045105,0.8387628793716431,0.4861190678913886,0.9956600080377158,1
84,N2_awgn10,A13_voice_conversion,0.5445815146493436,0.5412048631387814,1.0,0.7575753578162431,0.25538107603788374,0.8270954489707947,0.4300181907192699,0.9924390700404806,1
85,C0_clean,A14_voice_conversion,0.5323717184271496,0.546312920517136,1.0,0.8075269319478329,0.24160700440406802,1.0,0.3619595594009612,0.9964635470918147,1
85,C8_opus16,A14_voice_conversion,0.5539661186893886,0.5360036397456658,1.0,0.7978022983844499,0.2638788014650345,0.9412438869476318,0.4224070927053777,0.9819420526459463,1
85,C9_opus6,A14_voice_conversion,0.55746697368527,0.5337633007138972,1.0,0.2786160513814213,0.15,0.17278914153575897,0.05,0.6483346492237256,0
85,N1_awgn20,A14_voice_conversion,0.545530821267536,0.5413236188593031,1.0,0.7961104124769085,0.23205101713538173,0.8715906739234924,0.5012031262905732,0.9903773500677988,1
85,N2_awgn10,A14_voice_conversion,0.5390118076210813,0.5368803256747525,1.0,0.7637450826054931,0.2307332418859005,0.8448598980903625,0.4224407141835733,0.9968963637142536,1
86,C0_clean,A16_voice_conversion,0.5434819372372837,0.5447765260428525,1.0,0.8278017211551184,0.24160700440406802,1.0,0.42733859753363623,0.9986671396500917,1
86,C8_opus16,A16_voice_conversion,0.5485627726663237,0.5331164321682852,1.0,0.810899549339746,0.2638788014650345,0.9412438869476318,0.4544203443145924,0.9935863042210517,1
86,C9_opus6,A16_voice_conversion,0.5557219441000286,0.5228963551743594,1.0,0.2597342019708575,0.15,0.16548793017864227,0.05,0.5951300996646687,0
86,N1_awgn20,A16_voice_conversion,0.545997452702254,0.532035671598874,1.0,0.7996793478145687,0.24868424683809282,0.857830286026001,0.5256724871621066,0.9961516241851214,1
86,N2_awgn10,A16_voice_conversion,0.5489474207321129,0.540068236262857,1.0,0.80392684025187,0.24649827629327775,0.8578873872756958,0.5427046283167094,0.9932016561552625,1
87,C0_clean,A17_hybrid_tts,0.5381389661196447,0.545443743098521,1.0,0.819489827433316,0.24160700440406802,1.0,0.40202803816382604,0.9962713866138938,1
87,C8_opus16,A17_hybrid_tts,0.5488913399024083,0.5363806306300214,1.0,0.8376592212490747,0.2638788014650345,0.9412438869476318,0.5442293152967305,0.9929762396033426,1
87,C9_opus6,A17_hybrid_tts,0.5511139406217173,0.5239924034463938,1.0,0.23953817185000115,0.15,0.16439861059188843,0.05,0.5292624253774859,0
87,N1_awgn20,A17_hybrid_tts,0.5419802545093027,0.5349515500498628,1.0,0.7854483643957882,0.247753681242466,0.8640866279602051,0.46615838570923906,0.9998873249964483,1
87,N2_awgn10,A17_hybrid_tts,0.5459556698577235,0.5339488264768156,1.0,0.7420996403879088,0.2519924476742744,0.8306165337562561,0.37026484663666026,0.9959119096480274,1
88,C0_clean,A18_hybrid_tts,0.5398624254747468,0.5488612579833487,1.0,0.7911024639047858,0.24160700440406802,1.0,0.3063868893359175,0.9972879903467018,1
88,C8_opus16,A18_hybrid_tts,0.538889640978116,0.5358138174371438,1.0,0.8358946754502706,0.2638788014650345,0.9412438869476318,0.5330629607273936,0.9982607748433326,1
88,C9_opus6,A18_hybrid_tts,0.5588562974182993,0.5273179752539994,1.0,0.2794746759281278,0.15,0.17437869310379028,0.05,0.6490773289553723,0
88,N1_awgn20,A18_hybrid_tts,0.5426102010905002,0.5319815172248323,1.0,0.7592883564443875,0.2582569092512131,0.8185715079307556,0.4449922961760024,0.9945402147309484,1
88,N2_awgn10,A18_hybrid_tts,0.5425943704578661,0.5381100626167072,1.0,0.7464283099510037,0.2680691540241242,0.8136617541313171,0.40865598229800704,0.9945560453635826,1
89,C0_clean,A19_hybrid_tts,0.5474634428447976,0.5386443819947871,1.0,0.8229209716538842,0.24160700440406802,1.0,0.4098410524659828,0.9998955197136313,1
89,C8_opus16,A19_hybrid_tts,0.5374390638653083,0.526703676437588,1.0,0.8081383875840689,0.2638788014650345,0.9412438869476318,0.4489316352825782,0.989871140734142,1
89,C9_opus6,A19_hybrid_tts,0.5611070837284788,0.5236480968394508,1.0,0.2674541356789775,0.15,0.1656571626663208,0.05,0.620637568708164,0
89,N1_awgn20,A19_hybrid_tts,0.5398832657804439,0.5414427942309339,1.0,0.7586858315979793,0.23786918967962267,0.8735735416412354,0.3718727071556729,0.9923153426492776,1
89,N2_awgn10,A19_hybrid_tts,0.5451769437898615,0.5295079368478547,1.0,0.7412852822695035,0.2510835200548172,0.814542293548584,0.38728552884153755,0.9976090206586952,1
90,C0_clean,A07_neural_vocoder,0.5319243409204725,0.5458236967722859,1.0,0.8304430350680292,0.24160700440406802,1.0,0.4482179258851258,0.9865921910083048,1
90,C8_opus16,A07_neural_vocoder,0.5371238600759755,0.5398277237251075,1.0,0.7980161941762244,0.2638788014650345,0.9412438869476318,0.41327042116009755,0.9917917101638077,1
90,C9_opus6,A07_neural_vocoder,0.562317091499875,0.5255701777489216,1.0,0.2718391722325313,0.15,0.17130476236343384,0.05,0.6277242242905258,0
90,N1_awgn20,A07_neural_vocoder,0.5405441208677548,0.5334827888335851,1.0,0.7886250133524069,0.23070543706417085,0.8810369968414307,0.45882207776386125,0.9952119709555871,1
90,N2_awgn10,A07_neural_vocoder,0.5382150960606011,0.5218174564619978,1.0,0.7626412196796422,0.26317981332540513,0.8212104439735413,0.45430719415231874,0.9928829461484334,1
91,C0_clean,A08_neural_vocoder,0.5281853378222908,0.5349513464764504,1.0,0.8434597842567437,0.24160700440406802,1.0,0.49519674205430975,0.9830025388015025,1
91,C8_opus16,A08_neural_vocoder,0.5514625996096059,0.5389288462773297,1.0,0.8189009285174855,0.2638788014650345,0.9412438869476318,0.4809577130502599,0.9937201994111825,1
91,C9_opus6,A08_neural_vocoder,0.552748074652661,0.5203820897455708,1.0,0.25764790874406474,0.15,0.1805955320596695,0.05,0.5680323197339898,0
91,N1_awgn20,A08_neural_vocoder,0.5380236351550413,0.5378230733836392,1.0,0.7698055340808485,0.2605794876813889,0.8604860901832581,0.4258628238908984,0.9928408361342529,1
91,N2_awgn10,A08_neural_vocoder,0.5448028584570261,0.5355507703979226,1.0,0.7955069528789963,0.22635905593633654,0.8406268954277039,0.531233922923478,0.9996200594362378,1
92,C0_clean,A10_neural_vocoder,0.5444155488857358,0.539610814014936,1.0,0.810689756300456,0.24160700440406802,1.0,0.37184045956516715,0.9971253947696864,1
92,C8_opus16,A10_neural_vocoder,0.5571406601002716,0.5403186422807812,1.0,0.8041104411417386,0.2638788014650345,0.9412438869476318,0.44097600432046874,0.9844002835551506,1
92,C9_opus6,A10_neural_vocoder,0.5526107600825091,0.524196636719704,1.0,0.25034635760049306,0.15,0.18151423335075378,0.05,0.5424688808673053,0
92,N1_awgn20,A10_neural_vocoder,0.5397317929142088,0.546293975539184,1.0,0.7867954219581903,0.25597165822982787,0.8463743329048157,0.4959614467287602,0.9981908492587865,1
92,N2_awgn10,A10_neural_vocoder,0.5412526559636008,0.5429158163667811,1.0,0.7813289258402827,0.2625651955604553,0.8255367279052734,0.5040024032857324,0.9997117123081786,1
93,C0_clean,A13_voice_conversion,0.5424236640864724,0.5357682167250457,1.0,0.847516921086984,0.24160699099302294,1.0,0.492638683756111,0.9990843865338354,1
93,C8_opus16,A13_voice_conversion,0.5463249263489531,0.53715100107842,1.0,0.800948612655396,0.2638788014650345,0.9412438869476318,0.41782250838412693,0.9970143512036839,1
93,C9_opus6,A13_voice_conversion,0.5547332950067881,0.5184728497802552,1.0,0.2650524423271606,0.15,0.16242313385009766,0.05,0.6169439626237384,0
93,N1_awgn20,A13_voice_conversion,0.5381116144986292,0.5366718182134632,1.0,0.7953839934744347,0.2628738388419152,0.8275360465049744,0.5531262459621573,0.9947723369459922,1
93,N2_awgn10,A13_voice_conversion,0.5427996418406159,0.5390640101844042,1.0,0.7920644416807354,0.24644669145345688,0.8401075601577759,0.5206110277707715,0.9994603642879789,1
94,C0_clean,A14_voice_conversion,0.5390642786749773,0.5449286499783994,1.0,0.8410117325634012,0.24160700440406802,1.0,0.47141535486038244,0.9986237536842884,1
94,C8_opus16,A14_voice_conversion,0.5541229404711404,0.5417230436050205,1.0,0.8243778731189616,0.2638788014650345,0.9412438869476318,0.5093693025782375,0.9835650918881252,1
94,C9_opus6,A14_voice_conversion,0.5584617060945343,0.524859694705685,1.0,0.254800692845864,0.15,0.15836377441883087,0.05,0.5881839435944388,0
94,N1_awgn20,A14_voice_conversion,0.5497974677252658,0.5317578071263759,1.0,0.7697044830897251,0.272549356520176,0.8395259976387024,0.4584230488134807,0.9878905646339998,1
94,N2_awgn10,A14_voice_conversion,0.5505914699976491,0.535403762704095,1.0,0.7681092539064265,0.2836086913943291,0.7997052669525146,0.5069939280564523,0.9870965623616166,1
95,C0_clean,A16_voice_conversion,0.5464849727328056,0.5398856596885057,1.0,0.8216543960252289,0.24160699099302294,1.0,0.4196089006452784,0.9859057527721514,1
95,C8_opus16,A16_voice_conversion,0.5386512476549062,0.5430279778714755,1.0,0.7946298646496444,0.2638788014650345,0.9412438869476318,0.4000348883852545,0.9937394778500508,1
95,C9_opus6,A16_voice_conversion,0.5595503348613279,0.52122454223446,1.0,0.24759773737960009,0.15,0.15916664898395538,0.05,0.5631035926200598,0
95,N1_awgn20,A16_voice_conversion,0.5409840619167149,0.5434901283413559,1.0,0.8047393491630821,0.26028096079826357,0.8702167868614197,0.5307687844734721,0.9914066635882421,1
95,N2_awgn10,A16_voice_conversion,0.548555082551653,0.5342783703754967,1.0,0.7816998724465662,0.2396723985671997,0.8218235969543457,0.5260658025961226,0.9838356429533041,1
96,C0_clean,A17_hybrid_tts,0.5354814906963494,0.5416217964086081,1.0,0.8317759179775361,0.24160700440406802,1.0,0.4487902196804542,0.9904628402446664,1
96,C8_opus16,A17_hybrid_tts,0.5471135192033552,0.5365017912524608,1.0,0.793183497286154,0.2638788014650345,0.9412438869476318,0.3910480104420099,0.9979051312483279,1
96,C9_opus6,A17_hybrid_tts,0.5577945482722116,0.526144719014529,1.0,0.2535261562635808,0.15,0.16056250035762787,0.05,0.581003853735099,0
96,N1_awgn20,A17_hybrid_tts,0.5357978261032371,0.5381041733932613,1.0,0.7947487220679084,0.2541203320026398,0.8736137747764587,0.4935648648728622,0.990779175651554,1
96,N2_awgn10,A17_hybrid_tts,0.5379055515812415,0.5337040669431065,1.0,0.8038058412393536,0.24221859574317933,0.8546395897865295,0.5469464499529142,0.9928869011295585,1
97,C0_clean,A18_hybrid_tts,0.5417531504963679,0.5424459356507384,1.0,0.8365488101035159,0.24160699099302294,1.0,0.45897908909697993,0.9961836112480732,1
97,C8_opus16,A18_hybrid_tts,0.5467236214708284,0.5408739710235952,1.0,0.8206721521407192,0.2638788014650345,0.9412438869476318,0.4817360734280885,0.9988459177774662,1
97,C9_opus6,A18_hybrid_tts,0.5552382690360581,0.5228922739589364,1.0,0.2544145021609384,0.15,0.1777721345424652,0.05,0.5610188278131744,0
97,N1_awgn20,A18_hybrid_tts,0.5423331198722181,0.5262016265779438,1.0,0.7919347703867599,0.2443808786571026,0.8532487154006958,0.5053540334643487,0.9967635806239235,1
97,N2_awgn10,A18_hybrid_tts,0.5399792001823672,0.5368914924763425,1.0,0.7929174011947413,0.23454211056232455,0.867207944393158,0.4923710838575211,0.9944096609340726,1
98,C0_clean,A19_hybrid_tts,0.5435472590856952,0.5378225681471508,1.0,0.8375237024265411,0.24160700440406802,1.0,0.4595249839889533,0.9988873574328502,1
98,C8_opus16,A19_hybrid_tts,0.5398773888731278,0.5425189301433903,1.0,0.8177593879177788,0.2638788014650345,0.9412438869476318,0.4756552899088041,0.9952174872202827,1
98,C9_opus6,A19_hybrid_tts,0.5599071482415985,0.5184924956682438,1.0,0.2714255689634363,0.15,0.15848445892333984,0.05,0.6434392846470013,0
98,N1_awgn20,A19_hybrid_tts,0.5468182039923213,0.5390585215660912,1.0,0.7707547576031359,0.2385454811155796,0.8611042499542236,0.4232018277442976,0.9978416976605238,1
98,N2_awgn10,A19_hybrid_tts,0.542228899879782,0.5349071862277678,1.0,0.7949188587871832,0.24831741452217104,0.8326885104179382,0.5419091838397562,0.9975689982269369,1
99,C0_clean,A07_neural_vocoder,0.5439997095097103,0.5319184469578171,1.0,0.8301232609957412,0.24160700440406802,1.0,0.43484101085828625,0.998903192460851,1
99,C8_opus16,A07_neural_vocoder,0.5358361076531514,0.5435764156988205,1.0,0.7935722801966345,0.2638788014650345,0.9412438869476318,0.3973158790426823,0.99293320568259,1
99,C9_opus6,A07_neural_vocoder,0.5649031052125381,0.5231277155576842,1.0,0.2659733723291509,0.15,0.18249808251857758,0.05,0.5932471310723996,0
99,N1_awgn20,A07_neural_vocoder,0.5483171878005776,0.5328554380415106,1.0,0.7842705709469604,0.2375735968351364,0.874610185623169,0.45350260815565907,0.9945857141699838,1
99,N2_awgn10,A07_neural_vocoder,0.5482257691852891,0.5391556898133223,1.0,0.7699830538490644,0.24677694141864776,0.8325109481811523,0.4619184491367393,0.9946771327852723,1
