sample_idx,condition,attack_type,deletion_auc,insertion_auc,score,ecs,ecs_nr_proxy,stability,spectral_alignment,faithfulness_preservation
0,C0_clean,bonafide,0.5432384426905035,0.5476151492820401,1.0,0.8472675174715322,0.4274281084537506,1.0,0.49313685297966003,0.9977548719254473
0,C8_opus16,bonafide,0.5406546275912765,0.5460707517015146,1.0,0.8085482736347038,0.4381659954786301,0.9087343811988831,0.4883440136909485,0.9951710568262203
0,C9_opus6,bonafide,0.5538387698161037,0.5206309904778881,1.0,0.2625093009169294,0.16499637380242346,0.16284197568893433,0.08076357543468475,0.5771447933698343
0,N1_awgn20,bonafide,0.5300665941546716,0.5416225091938449,1.0,0.7689445624352806,0.4944916725158691,0.8435330390930176,0.4538547992706299,0.9845830233896155
0,N2_awgn10,bonafide,0.5358963713737677,0.534344018317272,1.0,0.789074733584713,0.49971876144409183,0.8242124319076538,0.540886402130127,0.9904128006087115
1,C0_clean,bonafide,0.5293018967196188,0.5368526251953788,1.0,0.8364690434063529,0.4274281084537506,1.0,0.46488288044929504,0.9900139309052146
1,C8_opus16,bonafide,0.5546227525312113,0.5401458527333757,1.0,0.8178746218253052,0.4381659954786301,0.9087343811988831,0.5299376845359802,0.9846652132831929
1,C9_opus6,bonafide,0.5586299338354341,0.5202453628067003,1.0,0.2613834139076721,0.16522867634892463,0.16242781281471252,0.0663753792643547,0.5883322500082689
1,N1_awgn20,bonafide,0.5525868902187331,0.536607014580122,1.0,0.7704926205760402,0.48159970939159397,0.8337250351905823,0.4699742794036865,0.9867010755956711
1,N2_awgn10,bonafide,0.5473316328704525,0.5306768734402084,1.0,0.7673618494338141,0.49162551760673523,0.8390545845031738,0.44717705249786377,0.9919563329439517
2,C0_clean,bonafide,0.5333590697555078,0.5409843061793457,1.0,0.8174143931139868,0.4274281084537506,1.0,0.40206655859947205,0.989314751780484
2,C8_opus16,bonafide,0.5426821537819723,0.5375964462120365,1.0,0.8241776110608406,0.4381659954786301,0.9087343811988831,0.5369750261306763,0.9986378358069484
2,C9_opus6,bonafide,0.5604130536355105,0.5207647401403432,1.0,0.2547737707577465,0.16949261739850044,0.17277242243289948,0.07274979650974274,0.5461328761055462
2,N1_awgn20,bonafide,0.5372668420627891,0.5377525408269432,1.0,0.7763838229659612,0.46913930475711824,0.854019820690155,0.4560304582118988,0.9932225240877652
2,N2_awgn10,bonafide,0.5476303469122247,0.541280057036286,1.0,0.7938433781493603,0.48727040588855747,0.8404197692871094,0.5291709303855896,0.9964139710627992
3,C0_clean,bonafide,0.5368826130250752,0.5324592335522627,1.0,0.8439398164465417,0.4274281084537506,1.0,0.48969176411628723,0.9901076240388516
3,C8_opus16,bonafide,0.5409366517696691,0.5361227710805462,1.0,0.828252463736004,0.4381659954786301,0.9087343811988831,0.5550340414047241,0.9941616627834454
3,C9_opus6,bonafide,0.5633515709361967,0.5230695785987558,1.0,0.2849655060942462,0.16061066552996636,0.17148146033287048,0.08110175728797912,0.6401413159156809
3,N1_awgn20,bonafide,0.5401286371145019,0.5384527421400146,1.0,0.7863635787791512,0.47153456807136535,0.8322882056236267,0.5181406736373901,0.9933536481282782
3,N2_awgn10,bonafide,0.5428656371842111,0.5447784508993093,1.0,0.8110211246084745,0.48086083531379703,0.8477616310119629,0.576964259147644,0.9960906481979874
4,C0_clean,bonafide,0.5404352353411909,0.5385049632476707,1.0,0.8591833733908306,0.4274281352758408,1.0,0.5411452054977417,0.9894660391383604
4,C8_opus16,bonafide,0.5318874678030179,0.5370763281847901,1.0,0.814289817910095,0.4381660282611847,0.9087343811988831,0.504639744758606,0.9980138066765334
4,C9_opus6,bonafide,0.5525739215432514,0.5271983432321152,1.0,0.2703556259878232,0.16088849022984505,0.17398934066295624,0.07768608927726746,0.5915135431315349
4,N1_awgn20,bonafide,0.545260601929078,0.5430375729932063,1.0,0.7839403107004981,0.49610211253166203,0.8623319864273071,0.47871771454811096,0.9846406725504733
4,N2_awgn10,bonafide,0.5448623999323493,0.5435694752147155,1.0,0.7835907632114049,0.5066964417695999,0.8355082273483276,0.5129193663597107,0.985038874547202
5,C0_clean,bonafide,0.54336562751387,0.5387168490865373,1.0,0.8452220511576196,0.4274281352758408,1.0,0.48458564281463623,0.9994878610440958
5,C8_opus16,bonafide,0.5481939804767202,0.5367149242698496,1.0,0.8066970070356709,0.4381659954786301,0.9087343811988831,0.481660395860672,0.995683785993054
5,C9_opus6,bonafide,0.5550762507297231,0.5166739598931492,1.0,0.2724824005798644,0.16766632184386254,0.1875406801700592,0.07504624128341675,0.5831741870893856
5,N1_awgn20,bonafide,0.5389042964465555,0.5362778886490065,1.0,0.7850715163794327,0.4781785041093827,0.8542158603668213,0.48292404413223267,0.9950265299767813
5,N2_awgn10,bonafide,0.5531127465608012,0.5371910720094106,1.0,0.7796733035610404,0.4957455545663834,0.8159091472625732,0.520267128944397,0.9907650199089729
6,C0_clean,bonafide,0.5304061439235048,0.539867430622754,1.0,0.8447338449415838,0.4274281084537506,1.0,0.4963277578353882,0.9861183919698909
6,C8_opus16,bonafide,0.5541415229384488,0.5372128828000721,1.0,0.8114565817553918,0.4381660550832749,0.9087343811988831,0.5030632019042969,0.9901462290151651
6,C9_opus6,bonafide,0.5583833482019567,0.5232788558692538,1.0,0.2787035919779023,0.16764823481440544,0.16578783094882965,0.07726965844631195,0.6306918735482562
6,N1_awgn20,bonafide,0.5392494161956791,0.5407396075539824,1.0,0.7687376276142943,0.48303768336772923,0.8436951637268066,0.44257020950317383,0.9949616642420652
6,N2_awgn10,bonafide,0.5500735076260355,0.543872597498019,1.0,0.773187317741404,0.4788104444742203,0.8423285484313965,0.459972083568573,0.9942142443275784
7,C0_clean,bonafide,0.5403844747429228,0.5375328375889834,1.0,0.833932262985678,0.4274281352758408,1.0,0.45601803064346313,0.9904228459754633
7,C8_opus16,bonafide,0.5503583371444147,0.5425426347021546,1.0,0.8272376836157587,0.4381659954786301,0.9087343811988831,0.5462098121643066,0.9996032916230448
7,C9_opus6,bonafide,0.557107707809783,0.5179235884956166,1.0,0.26939863890747884,0.16992384389042856,0.16175535321235657,0.06337796151638031,0.6189436972254072
7,N1_awgn20,bonafide,0.5502928019460472,0.5335406036173593,1.0,0.785263958621909,0.4597814857959747,0.8728435039520264,0.4540863633155823,0.9996688268214123
7,N2_awgn10,bonafide,0.5476501876340896,0.530263076870589,1.0,0.7728427789122015,0.4979262232780457,0.8208699226379395,0.4839608073234558,0.99768855886663
8,C0_clean,bonafide,0.5319625838271939,0.5409231692926616,1.0,0.8659697502109278,0.4274281352758408,1.0,0.5654072165489197,0.9878252841541731
8,C8_opus16,bonafide,0.5457344267349089,0.5319899340695873,1.0,0.8169283507043705,0.4381659954786301,0.9087343811988831,0.5130457878112793,0.9984028729381118
8,C9_opus6,bonafide,0.5594155284391532,0.5297580297733031,1.0,0.27570031947539964,0.1609036535024643,0.18363378942012787,0.06510448157787323,0.609051530779955
8,N1_awgn20,bonafide,0.5439594576377009,0.5308304329604604,1.0,0.8009698803262633,0.49600266218185424,0.8457353711128235,0.5424302816390991,0.9998221579646802
8,N2_awgn10,bonafide,0.5499747860151669,0.5403232476168044,1.0,0.7970228117240803,0.47926096618175507,0.8325371146202087,0.5525307059288025,0.9941625136578538
9,C0_clean,bonafide,0.5343478597343974,0.543849886799654,1.0,0.8375834323330825,0.4274281352758408,1.0,0.46249109506607056,0.9961203460442044
9,C8_opus16,bonafide,0.5439477435963046,0.5428773655487877,1.0,0.8308190250509173,0.4381660223007202,0.9087343811988831,0.5634711384773254,0.9942797700938883
9,C9_opus6,bonafide,0.5526460723768362,0.5191376746532488,1.0,0.2638654335206365,0.16356939166784287,0.17926234006881714,0.07316740304231643,0.5673675886013825
9,N1_awgn20,bonafide,0.5445059264809863,0.538583287389747,1.0,0.7909744658316081,0.49582692980766296,0.8599916696548462,0.4962044060230255,0.9937215872092067
9,N2_awgn10,bonafide,0.5436428915108575,0.5436897883343187,1.0,0.7892451531275707,0.523424381017685,0.8211058974266052,0.5414246916770935,0.9945846221793354
10,C0_clean,bonafide,0.5431283367388251,0.5357142122179186,1.0,0.8903820665334423,0.4274281352758408,1.0,0.636058509349823,0.9985483790949852
10,C8_opus16,bonafide,0.5442376744522384,0.5370573736973484,1.0,0.7966775758998079,0.4381659954786301,0.9087343811988831,0.4465070366859436,0.9974390413815719
10,C9_opus6,bonafide,0.5561268565354157,0.5269541856099147,1.0,0.26372891549785943,0.1627920061349869,0.1626240760087967,0.08036277294158935,0.5819015107062132
10,N1_awgn20,bonafide,0.5484052936240192,0.5351118536546855,1.0,0.796105734056965,0.46681267321109776,0.8411281108856201,0.5389102101325989,0.993271422209791
10,N2_awgn10,bonafide,0.5409406382040735,0.5400450814095682,1.0,0.7657990157594645,0.529229885339737,0.8247267603874207,0.45376378297805786,0.9992639223702632
11,C0_clean,bonafide,0.5488146873615162,0.5411547686147257,1.0,0.8578604535611979,0.4274281084537506,1.0,0.5315538048744202,0.9946477069962394
11,C8_opus16,bonafide,0.5471124299203343,0.5384314919213758,1.0,0.8002801906757164,0.4381659954786301,0.9087343811988831,0.45960482954978943,0.9963499644374213
11,C9_opus6,bonafide,0.5615899150515298,0.5167907483688594,1.0,0.2672671965254321,0.16332949340343475,0.18395476043224335,0.08313064277172089,0.5624869984033951
11,N1_awgn20,bonafide,0.5457951873171983,0.539348980868893,1.0,0.7925181727761533,0.49303191900253296,0.8386871218681335,0.5258105397224426,0.9976672070405572
11,N2_awgn10,bonafide,0.5460874609381705,0.5424448198161984,1.0,0.8423609976345181,0.4445898443460465,0.8383495807647705,0.6926956176757812,0.997374933419585
12,C0_clean,bonafide,0.5384236537767983,0.5437948461024664,1.0,0.8569819900274878,0.4274281352758408,1.0,0.5326196551322937,0.9906536449593323
12,C8_opus16,bonafide,0.5406412193423223,0.5357478698848321,1.0,0.7997782366125046,0.4381659954786301,0.9087343811988831,0.46141040325164795,0.9928712105248563
12,C9_opus6,bonafide,0.5475301932754211,0.5253138469093597,1.0,0.2682586848345545,0.16183840557932852,0.17636620998382568,0.07562194168567657,0.5834187277844043
12,N1_awgn20,bonafide,0.5385009814069699,0.5353593309879104,1.0,0.7891083095972095,0.4731561571359635,0.8516708612442017,0.504068911075592,0.9907309725895038
12,N2_awgn10,bonafide,0.5441796123669173,0.5392110243587516,1.0,0.8016100730280311,0.462408521771431,0.8231571316719055,0.5780811309814453,0.9964096035494512
13,C0_clean,bonafide,0.5492170687916027,0.5468171774547586,1.0,0.8820791382778002,0.4274281352758408,1.0,0.6195018887519836,0.9874285721740171
13,C8_opus16,bonafide,0.5419010287673217,0.5403850577083114,1.0,0.8243641237679795,0.4381660282611847,0.9087343811988831,0.5414899587631226,0.9947446121982981
13,C9_opus6,bonafide,0.5608266354153981,0.5194729275664196,1.0,0.26834709306128396,0.16022345080971717,0.17177656292915344,0.07004435062408447,0.5954105423413241
13,N1_awgn20,bonafide,0.5473001378463846,0.5310271560891872,1.0,0.7949689603649392,0.49007202684879303,0.8514319062232971,0.5253084897994995,0.9893455031192352
13,N2_awgn10,bonafide,0.5410524713773923,0.5333061559039345,1.0,0.7751350877458989,0.47424671053886414,0.8286401033401489,0.4833369851112366,0.9955931695882275
14,C0_clean,bonafide,0.5336955802283249,0.5445893097352739,1.0,0.8506502336996682,0.4274281352758408,1.0,0.5202991366386414,0.9818683090269194
14,C8_opus16,bonafide,0.5469876386787781,0.5305778377942076,1.0,0.8438897151912557,0.4381659954786301,0.9087343811988831,0.606159508228302,0.9951603674773726
14,C9_opus6,bonafide,0.5553861486286438,0.5327869199676845,1.0,0.26971733242461143,0.1603524298965931,0.1713445782661438,0.07137602269649505,0.5992223143640181
14,N1_awgn20,bonafide,0.536598981141471,0.5364007139623977,1.0,0.7699865434471457,0.496475300192833,0.846315324306488,0.4534296691417694,0.9847717099400655
14,N2_awgn10,bonafide,0.5368092226549784,0.5444051513963498,1.0,0.7493851117307802,0.48550636470317843,0.8344906568527222,0.40031421184539795,0.9849819514535729
15,C0_clean,bonafide,0.5376716761437274,0.5402925445115343,1.0,0.8445054438023132,0.4274281352758408,1.0,0.49362945556640625,0.9880553571079711
15,C8_opus16,bonafide,0.543850189919875,0.5427233784987767,1.0,0.8469993783176952,0.4381659954786301,0.9087343811988831,0.617451548576355,0.9942338708841187
15,C9_opus6,bonafide,0.5536583965435808,0.5236895294955753,1.0,0.265136886041913,0.1661052004992962,0.16702595353126526,0.07650089263916016,0.5845874561255295
15,N1_awgn20,bonafide,0.5463922445019083,0.5448484929514238,1.0,0.7891210914578235,0.4619626015424728,0.8459204435348511,0.5057337880134583,0.996775925466152
15,N2_awgn10,bonafide,0.5541062979882411,0.5267984298874279,1.0,0.7612822649469144,0.49921335577964787,0.8279434442520142,0.43817293643951416,0.9955100210475152
16,C0_clean,bonafide,0.5414049593386752,0.5368865024008971,1.0,0.8585889395759307,0.4274281084537506,1.0,0.529465913772583,0.999163884813853
16,C8_opus16,bonafide,0.5393603077027282,0.5352278638392566,1.0,0.809523193587901,0.4381659954786301,0.9087343811988831,0.4896455705165863,0.9971192331779061
16,C9_opus6,bonafide,0.5614660956728049,0.5305567110337406,1.0,0.27463730407643117,0.15922560691833498,0.16469798982143402,0.08137980401515961,0.6144805564776988
16,N1_awgn20,bonafide,0.5397924103445644,0.5414428586188718,1.0,0.7991848689103667,0.48775435686111457,0.8529542684555054,0.5291258692741394,0.9975513358197422
16,N2_awgn10,bonafide,0.5397790973967945,0.5277319047539092,1.0,0.7909617700207714,0.45427449941635134,0.8335131406784058,0.5276503562927246,0.9975380228719724
17,C0_clean,bonafide,0.5458096865887339,0.5477642988791966,1.0,0.8373032171689591,0.4274281084537506,1.0,0.46658992767333984,0.9910874628898569
17,C8_opus16,bonafide,0.5397857356121659,0.53948280290384,1.0,0.8060499083966446,0.4381660223007202,0.9087343811988831,0.47807577252388,0.9971114138664249
17,C9_opus6,bonafide,0.5563647395336337,0.5271500445310049,1.0,0.27652212299610057,0.16929347023367883,0.18701398372650146,0.08479910194873809,0.5875893297362618
17,N1_awgn20,bonafide,0.5420839422541778,0.5377503222989474,1.0,0.7986315916286124,0.5016056418418884,0.8632671236991882,0.5162692666053772,0.994813207224413
17,N2_awgn10,bonafide,0.5388949927275553,0.5474758402347047,1.0,0.7986243203689691,0.4605769157409668,0.8506951928138733,0.5298186540603638,0.9980021567510355
18,C0_clean,bonafide,0.5457905543675003,0.5439583134698147,1.0,0.8294560029280931,0.4274281352758408,1.0,0.43934065103530884,0.9921793587250012
18,C8_opus16,bonafide,0.5449670399223437,0.5381134537597431,1.0,0.8207719211303532,0.4381660223007202,0.9087343811988831,0.531257688999176,0.9930028731701578
18,C9_opus6,bonafide,0.5462990238628973,0.5321030449767851,1.0,0.26179222679201697,0.16677168875932694,0.1625443696975708,0.0682786300778389,0.5876362996321232
18,N1_awgn20,bonafide,0.5460544648097941,0.543804145838083,1.0,0.7999447953029122,0.4865527868270874,0.8507370948791504,0.5402510762214661,0.9919154482827074
18,N2_awgn10,bonafide,0.5445189279095642,0.5392957317411458,1.0,0.7715578990666915,0.46205284297466276,0.825009286403656,0.47839629650115967,0.9934509851829373
19,C0_clean,bonafide,0.5376130913471234,0.5366788627834779,1.0,0.8644054575481954,0.4274281352758408,1.0,0.5577678084373474,0.990250383389971
19,C8_opus16,bonafide,0.5316399327011617,0.546024849026691,1.0,0.829194091619446,0.4381659954786301,0.9087343811988831,0.5680572390556335,0.9842772247440092
19,C9_opus6,bonafide,0.5512252981374052,0.5236694893594439,1.0,0.2742367681845933,0.15792659312486648,0.18810275197029114,0.07486523687839508,0.5884536544431944
19,N1_awgn20,bonafide,0.5387174534136471,0.5397431244397972,1.0,0.7951920812812202,0.47748546004295356,0.8573195934295654,0.5161927342414856,0.9913547454564946
19,N2_awgn10,bonafide,0.5431317304066262,0.5383330274615843,1.0,0.7982297893001498,0.47335622608661654,0.8162234425544739,0.5766990184783936,0.9957690224494737
20,C0_clean,bonafide,0.5411204624090521,0.540062962003909,1.0,0.8423976382808032,0.4274281084537506,1.0,0.47998905181884766,0.9946697424504964
20,C8_opus16,bonafide,0.5379602634567451,0.5382972384952724,1.0,0.8124272664308045,0.4381659954786301,0.9087343811988831,0.5049355030059814,0.9915095434981894
20,C9_opus6,bonafide,0.5542037014317813,0.5329364225926115,1.0,0.2907595348977752,0.15876557782292366,0.18182937800884247,0.07874281704425812,0.648016461936536
20,N1_awgn20,bonafide,0.5426697537167805,0.5416571322374776,1.0,0.8116368397356217,0.505517390370369,0.8387793302536011,0.5908646583557129,0.9962190337582248
20,N2_awgn10,bonafide,0.547173216611532,0.5359581956517684,1.0,0.7629454675482584,0.473569393157959,0.837340772151947,0.4274196922779083,0.9992775033470237
21,C0_clean,bonafide,0.53094934337502,0.530436467414679,1.0,0.8639214163587468,0.4274281352758408,1.0,0.5516800880432129,0.9947246331526096
21,C8_opus16,bonafide,0.5446820499276563,0.5430273067240438,1.0,0.8164091953929611,0.4381660223007202,0.9087343811988831,0.518175482749939,0.991542660294754
21,C9_opus6,bonafide,0.5658045546143746,0.5292499398185037,1.0,0.2609564688749541,0.16051455914974214,0.1676369607448578,0.06510597467422485,0.5812329739158117
21,N1_awgn20,bonafide,0.5496286682062763,0.5365679944382877,1.0,0.7631134581860857,0.46413668096065525,0.8570346832275391,0.414402574300766,0.986596042016134
21,N2_awgn10,bonafide,0.5351839824831583,0.533847004108101,1.0,0.8051512864694842,0.49180256128311156,0.8421939611434937,0.561953067779541,0.998959272260748
22,C0_clean,bonafide,0.5377496726426039,0.5431142496617375,1.0,0.8491367623288668,0.4274281084537506,1.0,0.5023990869522095,0.9947234541440129
22,C8_opus16,bonafide,0.5411134149509159,0.5387761657825372,1.0,0.7969211068460063,0.4381660282611847,0.9087343811988831,0.44667065143585205,0.9980871964523249
22,C9_opus6,bonafide,0.5619212887456546,0.5310878003094887,1.0,0.26134407865294884,0.16546939551830292,0.1690472662448883,0.07886629700660705,0.5668842768433715
22,N1_awgn20,bonafide,0.5441995026455797,0.5472491603904871,1.0,0.7853514771181929,0.5199763298034668,0.8506082892417908,0.4848671555519104,0.9988267158530113
22,N2_awgn10,bonafide,0.5512271165807938,0.5373790622074076,1.0,0.7798651891019506,0.4777725487947464,0.8264598846435547,0.5058050155639648,0.9917991019177972
23,C0_clean,bonafide,0.5408304406625408,0.5348980837636893,1.0,0.8630329897952487,0.4274281084537506,1.0,0.5513790845870972,0.9920642147303985
23,C8_opus16,bonafide,0.5492705382454448,0.5425638134663783,1.0,0.8093215413699436,0.4381659954786301,0.9087343811988831,0.486596941947937,0.9994956876866975
23,C9_opus6,bonafide,0.5478622853006573,0.5174277247038983,1.0,0.2472933885666621,0.16190125644206999,0.16720086336135864,0.08294609785079955,0.518430712889596
23,N1_awgn20,bonafide,0.5465343527241397,0.5445651438153203,1.0,0.7863738664586197,0.475383672118187,0.8526679277420044,0.4865875244140625,0.9977681267919974
23,N2_awgn10,bonafide,0.551591922875943,0.529650647560839,1.0,0.7813053847317095,0.4785148501396179,0.8275577425956726,0.503766655921936,0.9971743030561993
24,C0_clean,bonafide,0.5419203272446965,0.5398365262595296,1.0,0.846950629248262,0.4274281352758408,1.0,0.49727267026901245,0.9925627605585278
24,C8_opus16,bonafide,0.5413797121784585,0.5316523401214535,1.0,0.7804286392304748,0.4381659954786301,0.9087343811988831,0.3966795802116394,0.9931033756247658
24,C9_opus6,bonafide,0.5511922865873482,0.5257398202630328,1.0,0.2790066578253598,0.1630172751843929,0.16507269442081451,0.08003054559230804,0.629894721264472
24,N1_awgn20,bonafide,0.5533692933901685,0.5353093696152706,1.0,0.7781144896050829,0.4806072592735291,0.8453084826469421,0.48552319407463074,0.9811137944130558
24,N2_awgn10,bonafide,0.5411534294635414,0.5323907184301733,1.0,0.77068189806648,0.49532497823238375,0.82341068983078,0.47772908210754395,0.9933296583396829
25,C0_clean,bonafide,0.5390423358804336,0.5402873700151215,1.0,0.8281549251936323,0.4274281352758408,1.0,0.42834562063217163,0.9988374633466028
25,C8_opus16,bonafide,0.5413155648136231,0.5383853580326874,1.0,0.7789340110250543,0.4381659954786301,0.9087343811988831,0.3859115540981293,0.9988893077202077
25,C9_opus6,bonafide,0.5573750287836936,0.5231332305215234,1.0,0.27217379248680895,0.16456754326820375,0.18474353849887848,0.06976004093885421,0.5911612160186711
25,N1_awgn20,bonafide,0.5466873796204117,0.5344476531917722,1.0,0.7992882832000298,0.47323950231075296,0.8550079464912415,0.5307661890983582,0.9935174929134191
25,N2_awgn10,bonafide,0.5420094878273368,0.5251056478632271,1.0,0.7731452062026968,0.49997259080410006,0.8307626843452454,0.47127172350883484,0.9981953847064939
26,C0_clean,bonafide,0.5482248385675065,0.5387548198022182,1.0,0.8666778919004609,0.4274281084537506,1.0,0.5683937668800354,0.9871992061215008
26,C8_opus16,bonafide,0.5433815631487401,0.5535690916662539,1.0,0.8197703539248182,0.4381659954786301,0.9087343811988831,0.5288795232772827,0.9920424815402672
26,C9_opus6,bonafide,0.5643087093588418,0.51102649240781,1.0,0.2614998459834814,0.1607943969964981,0.1655113846063614,0.083404541015625,0.5675797661208313
26,N1_awgn20,bonafide,0.5418053604326539,0.5370211595676764,1.0,0.7797378293407793,0.47137442529201506,0.8630056977272034,0.45483314990997314,0.9936186842563534
26,N2_awgn10,bonafide,0.5394926717959699,0.5333693366212009,1.0,0.7775884794748371,0.4941600292921067,0.8617730736732483,0.4469994604587555,0.9959313728930373
27,C0_clean,bonafide,0.5445528206118554,0.5452766549827321,1.0,0.8522963224381555,0.4274281352758408,1.0,0.5109611749649048,0.9966932331622803
27,C8_opus16,bonafide,0.5374554417785969,0.5381582080223409,1.0,0.8221765831192491,0.4381659954786301,0.9087343811988831,0.5327333807945251,0.9962093880044612
27,C9_opus6,bonafide,0.5591466043017705,0.5183617151450205,1.0,0.2746042488584305,0.16162129029631614,0.17739729583263397,0.08643131554126739,0.5923864528766557
27,N1_awgn20,bonafide,0.5357166153874605,0.5420002736953761,1.0,0.7826121881811867,0.47121562957763674,0.8684692978858948,0.45627766847610474,0.9944705616133248
27,N2_awgn10,bonafide,0.5359714179406884,0.5398505903736689,1.0,0.8177918784970208,0.45478171706199644,0.8517872095108032,0.5955312848091125,0.9947253641665527
28,C0_clean,bonafide,0.5370380303788057,0.5356800461516009,1.0,0.8418955105987407,0.4274281084537506,1.0,0.47569379210472107,0.9972912432244148
28,C8_opus16,bonafide,0.537670564178153,0.5395269693686912,1.0,0.81361416742796,0.4381659686565399,0.9087342619895935,0.502477765083313,0.997923777023762
28,C9_opus6,bonafide,0.5586865164007057,0.522840205781731,1.0,0.27053223965061757,0.17007499888539315,0.16323749721050262,0.0746311604976654,0.6094929753903897
28,N1_awgn20,bonafide,0.5391048161607926,0.5346122733450839,1.0,0.7994329425211191,0.5097691863775253,0.8637587428092957,0.5137401223182678,0.9993580290064017
28,N2_awgn10,bonafide,0.5443356558058464,0.5469184640683609,1.0,0.7906040053267283,0.47590852677822115,0.835093080997467,0.526478111743927,0.9954111313485445
29,C0_clean,bonafide,0.5361913254213609,0.5371772149836521,1.0,0.8595381763174619,0.4274281352758408,1.0,0.546700656414032,0.9850932646441743
29,C8_opus16,bonafide,0.543224099124956,0.5244699134016791,1.0,0.7961163701638843,0.4381659954786301,0.9087343811988831,0.44994935393333435,0.9921260383477694
29,C9_opus6,bonafide,0.5521108900452353,0.5265604891231296,1.0,0.25049908538602367,0.16989145517349244,0.16837634146213531,0.07695596516132354,0.5335391975092416
29,N1_awgn20,bonafide,0.5368936752191443,0.5337920632430327,1.0,0.7857900790335913,0.4640081584453583,0.8525621891021729,0.49675506353378296,0.9857956144419577
29,N2_awgn10,bonafide,0.5388646135095788,0.5349105419428524,1.0,0.783725472916962,0.4519844919443131,0.8416659832000732,0.5024303793907166,0.9877665527323922
30,C0_clean,bonafide,0.5441784605603257,0.534351465726712,1.0,0.840205740838126,0.4274281352758408,1.0,0.471205472946167,0.9961469965142534
30,C8_opus16,bonafide,0.5490331554793119,0.5258164651233412,1.0,0.8211558116637323,0.4381659954786301,0.9087343811988831,0.5265418887138367,0.9989983085667604
30,C9_opus6,bonafide,0.5574228822784849,0.5238727337391952,1.0,0.2750812093166769,0.17060609102249144,0.17128820717334747,0.06903132498264312,0.61952176317515
30,N1_awgn20,bonafide,0.5426875493639722,0.5372818433402647,1.0,0.8063806293444544,0.48900206387043,0.8356598019599915,0.579066276550293,0.9946560853179
30,N2_awgn10,bonafide,0.5458714767197295,0.5354777733193221,1.0,0.781856180895603,0.4630413919687271,0.8535082936286926,0.4703361988067627,0.9978400126736572
31,C0_clean,bonafide,0.545174604635403,0.5289594672416307,1.0,0.8570363058839472,0.4274281352758408,1.0,0.5272242426872253,0.9962301102592653
31,C8_opus16,bonafide,0.5404742957826347,0.5429127723122847,1.0,0.8186418084666767,0.4381660282611847,0.9087343811988831,0.5180906057357788,0.9990695808879664
31,C9_opus6,bonafide,0.5512082639977621,0.5143973448425216,1.0,0.26872450937127573,0.16376010239124297,0.18756522238254547,0.05972194075584411,0.5859394606383477
31,N1_awgn20,bonafide,0.5512785979802913,0.538738225449906,1.0,0.7894036662110167,0.46528705656528474,0.8551794290542603,0.5009801983833313,0.990126116914377
31,N2_awgn10,bonafide,0.5472265173754457,0.5258648339854324,1.0,0.7833966319967032,0.5030819475650787,0.8460255265235901,0.4891098737716675,0.9941781975192227
32,C0_clean,bonafide,0.5326070687711009,0.5457187702160347,1.0,0.8581067043464592,0.4274281352758408,1.0,0.5385933518409729,0.988428995980558
32,C8_opus16,bonafide,0.5397488728065184,0.5413385969545091,1.0,0.817257935199037,0.4381660223007202,0.9087343811988831,0.5169764757156372,0.9955708000159755
32,C9_opus6,bonafide,0.5537938148994297,0.5257883127743612,1.0,0.26989895181169005,0.16319231778383256,0.18846049904823303,0.0920381247997284,0.5563443825082611
32,N1_awgn20,bonafide,0.5507239328085597,0.5388350961539731,1.0,0.7722973798377271,0.49932668507099154,0.8412461876869202,0.4592088758945465,0.9934541399819832
32,N2_awgn10,bonafide,0.5474028702989945,0.5431776979431799,1.0,0.778694791358312,0.4780485421419144,0.8371411561965942,0.4826858937740326,0.9967752024915484
33,C0_clean,bonafide,0.537236771133265,0.5448192515935768,1.0,0.8425418847720745,0.4274281352758408,1.0,0.4786796569824219,0.9964599589244931
33,C8_opus16,bonafide,0.5487548289824778,0.5432177023732219,1.0,0.8257192091227039,0.4381659954786301,0.9087343811988831,0.5487295389175415,0.992021983226294
33,C9_opus6,bonafide,0.5502024230948475,0.5146807021440741,1.0,0.2901999661453428,0.164434514939785,0.17871516942977905,0.06920455545186996,0.6598417724595673
33,N1_awgn20,bonafide,0.5430580258279581,0.5380638939490888,1.0,0.792429970259108,0.5059025049209595,0.8332025408744812,0.532777726650238,0.9977187863808137
33,N2_awgn10,bonafide,0.5553990379704413,0.537475827837519,1.0,0.7653448032139964,0.5013886481523514,0.8414860963821411,0.44379010796546936,0.9853777742383305
34,C0_clean,bonafide,0.5424050461586836,0.5411194201213957,1.0,0.8605589383316468,0.4274281084537506,1.0,0.5363383889198303,0.998858072185659
34,C8_opus16,bonafide,0.5441826541617024,0.5475848101063528,1.0,0.8014614353686744,0.4381659954786301,0.9087343811988831,0.4605279564857483,0.9993643198113221
34,C9_opus6,bonafide,0.5574409719448438,0.5239789220275806,1.0,0.27401573550054087,0.16529584452509882,0.17392224073410034,0.08509857058525085,0.5963908934377515
34,N1_awgn20,bonafide,0.5558808365378165,0.5394323823064099,1.0,0.7942869744951041,0.5268193632364273,0.8406309485435486,0.539115846157074,0.987666137435208
34,N2_awgn10,bonafide,0.5422518685437943,0.5424361095027743,1.0,0.7824318600261992,0.4766114056110382,0.8540563583374023,0.4706594944000244,0.9987048945707697
35,C0_clean,bonafide,0.5283963131301094,0.5388506021427681,1.0,0.8592918094789086,0.4274281352758408,1.0,0.5426623821258545,0.9883103161371743
35,C8_opus16,bonafide,0.5481759401089009,0.5340823165387657,1.0,0.8205043723031711,0.4381659954786301,0.9087343811988831,0.5314586758613586,0.9919100568840341
35,C9_opus6,bonafide,0.5489647254337846,0.5222908444801952,1.0,0.2690368171420471,0.16167207062244415,0.17597799003124237,0.07306101322174072,0.5890910572100931
35,N1_awgn20,bonafide,0.5426987848570167,0.5358750681593509,1.0,0.7493749891574762,0.46479522883892066,0.8514870405197144,0.3652133643627167,0.9973872121359183
35,N2_awgn10,bonafide,0.5525142943201705,0.5423633113022951,1.0,0.7913433689694777,0.5022065728902817,0.8365243077278137,0.5348737835884094,0.9875717026727645
36,C0_clean,bonafide,0.5528667990162494,0.5402960921700725,1.0,0.830053762736359,0.4274281352758408,1.0,0.44472378492355347,0.9887887575309765
36,C8_opus16,bonafide,0.5417046869404724,0.539165111427817,1.0,0.8137034606119454,0.4381659954786301,0.9087343811988831,0.5007481575012207,0.9999508696067535
36,C9_opus6,bonafide,0.5694962908904797,0.5178178210349719,1.0,0.2859073754213755,0.16242868319153786,0.16766716539859772,0.0739250734448433,0.6555432907616114
36,N1_awgn20,bonafide,0.5326489895376765,0.5307559267992911,1.0,0.7466079720234093,0.4636682271957398,0.8479563593864441,0.3670913279056549,0.9909934329904506
36,N2_awgn10,bonafide,0.5443041745027792,0.5381635458087574,1.0,0.7658473264776147,0.4423507571220398,0.835716724395752,0.44118407368659973,0.9973513820444466
37,C0_clean,bonafide,0.5426388238046583,0.5441661193881038,1.0,0.8474929673744247,0.4274281352758408,1.0,0.4925561547279358,0.9990870698534798
37,C8_opus16,bonafide,0.5400158575198574,0.5378267385094126,1.0,0.7930981610001371,0.4381659686565399,0.9087343811988831,0.4337247312068939,0.9982899638617192
37,C9_opus6,bonafide,0.5630510766758374,0.5269150591193495,1.0,0.2571930131142897,0.16836955681443214,0.16533493995666504,0.08202552795410156,0.5548379291513108
37,N1_awgn20,bonafide,0.5455263348575313,0.5308098989041486,1.0,0.7794206144291607,0.47864861488342286,0.8460268974304199,0.473833292722702,0.9961995588006068
37,N2_awgn10,bonafide,0.5423303654446647,0.5345939035267967,1.0,0.7898928579021371,0.5037314146757126,0.8234003782272339,0.5357134938240051,0.9993955282134734
38,C0_clean,bonafide,0.5381951691709046,0.5457966490168212,1.0,0.8541710794669501,0.4274281352758408,1.0,0.52226322889328,0.9916403693298871
38,C8_opus16,bonafide,0.5449049904107437,0.5411401939138196,1.0,0.7967983655481838,0.4381659954786301,0.9087343811988831,0.44599851965904236,0.9983501905697262
38,C9_opus6,bonafide,0.5483827871554814,0.5320917516554903,1.0,0.25227418397123863,0.16510800123214722,0.1634158492088318,0.07268619686365127,0.5503399507620351
38,N1_awgn20,bonafide,0.5493273135766433,0.5284859837300765,1.0,0.7819719273721177,0.5151245832443238,0.8625759482383728,0.45924434065818787,0.9972274862643742
38,N2_awgn10,bonafide,0.5360086921885437,0.5431596597673953,1.0,0.7967233718744849,0.4407076060771942,0.8463093042373657,0.5378782749176025,0.9894538923475262
39,C0_clean,bonafide,0.5372753888252055,0.5448591134508637,1.0,0.8221755416086354,0.4274281352758408,1.0,0.4123765826225281,0.9948752227395902
39,C8_opus16,bonafide,0.5401467370115896,0.5449049086613013,1.0,0.8106460471668728,0.4381659954786301,0.9087343811988831,0.49850377440452576,0.9920038745532062
39,C9_opus6,bonafide,0.5482236726522526,0.5164845582739358,1.0,0.27662382644448047,0.16386514902114868,0.1612742692232132,0.07731649875640868,0.6297305637609085
39,N1_awgn20,bonafide,0.5422083067374261,0.5369639462461375,1.0,0.7869994916133873,0.4846579134464264,0.8435888290405273,0.5086042284965515,0.9899423048273696
39,N2_awgn10,bonafide,0.5405986402199742,0.5328110377514674,1.0,0.7867495941843607,0.47997885942459106,0.8351280689239502,0.5174425840377808,0.9915519713448215
40,C0_clean,bonafide,0.5420412637785724,0.5314870819788108,1.0,0.8347580412254811,0.4274281084537506,1.0,0.4511314332485199,0.998062037503084
40,C8_opus16,bonafide,0.5441882997880876,0.539454836295547,1.0,0.8288838624093398,0.4381659954786301,0.9087343811988831,0.551509439945221,0.9997909264874009
40,C9_opus6,bonafide,0.5513993859414866,0.5261333065486082,1.0,0.27445268397414957,0.1684725798666477,0.17909123003482819,0.08237803280353546,0.5936759403971921
40,N1_awgn20,bonafide,0.5452489370595807,0.524820525662081,1.0,0.7951184592470721,0.4926554530858994,0.8334566354751587,0.5403890609741211,0.9987302892159078
40,N2_awgn10,bonafide,0.5444131566712014,0.5294078103074858,1.0,0.776261532712379,0.4712606966495514,0.8289817571640015,0.4826633632183075,0.9995660696042871
41,C0_clean,bonafide,0.5360078047629148,0.5467065595985007,1.0,0.8241856027494407,0.4274281084537506,1.0,0.42384931445121765,0.9901026947135848
41,C8_opus16,bonafide,0.5446951471720307,0.5294068190344342,1.0,0.7998896007202072,0.4381660223007202,0.9087343811988831,0.45586279034614563,0.9987900371227008
41,C9_opus6,bonafide,0.5574268810665105,0.5192055106510578,1.0,0.2819620565393771,0.16305759236216547,0.1748649775981903,0.07870782315731048,0.6280123951763597
41,N1_awgn20,bonafide,0.5437810125989989,0.5496294591655719,1.0,0.7773268322635427,0.4881451278924942,0.8414518237113953,0.47127777338027954,0.997875902549669
41,N2_awgn10,bonafide,0.5489013716096083,0.5333291128961907,1.0,0.7845800233950146,0.5236596167087555,0.8422497510910034,0.49526333808898926,0.9970037384397217
42,C0_clean,bonafide,0.5368651647110612,0.5490622427899847,1.0,0.8747890578009956,0.4274281352758408,1.0,0.5885900855064392,0.994040107163546
42,C8_opus16,bonafide,0.539012978496551,0.5413367263192553,1.0,0.822981904620282,0.4381660282611847,0.9087343811988831,0.5354392528533936,0.9961879209490359
42,C9_opus6,bonafide,0.5478196390733343,0.5290867022953927,1.0,0.2561789969097121,0.16509418874979018,0.1683013141155243,0.08230215311050415,0.5472260844345037
42,N1_awgn20,bonafide,0.5484294374758268,0.537491434258742,1.0,0.7828109939228889,0.5066536664962769,0.844670295715332,0.4887472987174988,0.9943956200716884
42,N2_awgn10,bonafide,0.5463805441048852,0.5431441087606875,1.0,0.7954580932982309,0.4854911655187607,0.8356382846832275,0.5408980846405029,0.99644451344263
43,C0_clean,bonafide,0.5431647081689673,0.5323672406915113,1.0,0.841664950084636,0.4274281352758408,1.0,0.47736284136772156,0.9948536589143987
43,C8_opus16,bonafide,0.5459177360492151,0.5388439258952077,1.0,0.8119226908814573,0.4381659954786301,0.9087343811988831,0.49715644121170044,0.9976066867946465
43,C9_opus6,bonafide,0.5620179819766826,0.5230500065206987,1.0,0.2732036774067672,0.1635518991947174,0.1623891144990921,0.06690007746219635,0.627260027894905
43,N1_awgn20,bonafide,0.543137046450271,0.5417031532770877,1.0,0.7891246015554851,0.4795318990945816,0.8505867123603821,0.5014737248420715,0.9948259971957024
43,N2_awgn10,bonafide,0.5438326808919987,0.5343365465491812,1.0,0.7738938262460278,0.5070732057094574,0.8323961496353149,0.47426292300224304,0.99552163163743
44,C0_clean,bonafide,0.5411106688581686,0.5376062568916826,1.0,0.8452924912816515,0.4274281352758408,1.0,0.48459145426750183,0.9997168500046698
44,C8_opus16,bonafide,0.5373522758649248,0.5372403294031709,1.0,0.8313030319971713,0.4381659954786301,0.9087343811988831,0.5628395080566406,0.9965247570020864
44,C9_opus6,bonafide,0.5531879733761772,0.5287768319624713,1.0,0.28310821592647567,0.16554870411753655,0.17795512080192566,0.07170995771884918,0.6347106009668355
44,N1_awgn20,bonafide,0.5365914899641463,0.5395887094830191,1.0,0.7862164240154814,0.48678783476352694,0.8330596089363098,0.5142112970352173,0.9957639711013079
44,N2_awgn10,bonafide,0.5432105225146696,0.5431404183039065,1.0,0.80049748122104,0.5145219177007675,0.8512281775474548,0.5357370376586914,0.9976169963481688
45,C0_clean,bonafide,0.527576942104571,0.5445991375507383,1.0,0.8387653876566161,0.4274281084537506,1.0,0.47455719113349915,0.9879941010552216
45,C8_opus16,bonafide,0.5334162107503563,0.5293816926240069,1.0,0.816367204990655,0.4381659954786301,0.9087343811988831,0.5157448053359985,0.9938333697010069
45,C9_opus6,bonafide,0.5549124591802573,0.5169563652202689,1.0,0.26410551037670194,0.16693720281124116,0.1839308887720108,0.07185659408569335,0.5632539221406321
45,N1_awgn20,bonafide,0.5391066689509076,0.5368809187866379,1.0,0.7758993862483132,0.44709979295730595,0.8527171611785889,0.44985124468803406,0.9995238279015582
45,N2_awgn10,bonafide,0.5508750920522356,0.5318856402081409,1.0,0.7876928055131143,0.4784258872270584,0.8438705205917358,0.5117742419242859,0.9887077489971138
46,C0_clean,bonafide,0.5397526814517378,0.5433740974608331,1.0,0.8443545059173809,0.4274281084537506,1.0,0.4893506169319153,0.9918310694593548
46,C8_opus16,bonafide,0.5437373611069426,0.539006948665043,1.0,0.7954131499367376,0.43816600143909457,0.9087343811988831,0.44391557574272156,0.9958157491145596
46,C9_opus6,bonafide,0.5485578570674926,0.5239621560645885,1.0,0.26924678318603806,0.16192650318145754,0.17961706221103668,0.07870120704174041,0.579298653963671
46,N1_awgn20,bonafide,0.5456732454350478,0.5339892861668704,1.0,0.7824321210733727,0.4884338527917862,0.8551819324493408,0.4701128602027893,0.9977516334426648
46,N2_awgn10,bonafide,0.5423381781826249,0.5349542509973659,1.0,0.7773293529442308,0.49361329674720766,0.8410623669624329,0.4752647876739502,0.9944165661902419
47,C0_clean,bonafide,0.5452426546925381,0.5417180929476761,1.0,0.8595204703844579,0.4274281352758408,1.0,0.5398454070091248,0.9918894942724014
47,C8_opus16,bonafide,0.5382992586943735,0.5346565873093455,1.0,0.8075108375783011,0.4381659954786301,0.9087343811988831,0.48122406005859375,0.998832890270566
47,C9_opus6,bonafide,0.5654312448594275,0.5204842000536283,1.0,0.27229475356489447,0.1678009293973446,0.1774071753025055,0.08661434054374695,0.5844919376025606
47,N1_awgn20,bonafide,0.544713022055709,0.5402519832575903,1.0,0.7912162790540618,0.4769505769014359,0.8479630947113037,0.5143510103225708,0.9924191269092304
47,N2_awgn10,bonafide,0.5428591078948174,0.5322646697450202,1.0,0.8035770578326639,0.48855550289154054,0.8128077983856201,0.6005734205245972,0.994273041070122
48,C0_clean,bonafide,0.5398343651356311,0.548972789317589,1.0,0.8379317824266532,0.4274281084537506,1.0,0.46350356936454773,0.9962690387242963
48,C8_opus16,bonafide,0.5429442521342168,0.5380925731436139,1.0,0.8036928286113563,0.4381659954786301,0.9087343811988831,0.47417110204696655,0.9931591517257106
48,C9_opus6,bonafide,0.5624945401190161,0.5252492755258324,1.0,0.2917347683001249,0.16440772652626037,0.17668001353740692,0.08392088413238526,0.6529549921514886
48,N1_awgn20,bonafide,0.5351485463106056,0.5389672151143119,1.0,0.7658428278323257,0.4770763278007507,0.8327236175537109,0.4434661269187927,0.9990451424506782
48,N2_awgn10,bonafide,0.5448018165924259,0.5413909382227133,1.0,0.7855282339584182,0.4484759330749512,0.8362977504730225,0.5120621919631958,0.9913015872675015
49,C0_clean,bonafide,0.5435750350690057,0.5425120831609351,1.0,0.8556392727905188,0.4274281352758408,1.0,0.5203309655189514,0.9984666104494444
49,C8_opus16,bonafide,0.5468679164999153,0.5458331316301822,1.0,0.8258431009889791,0.4381660223007202,0.9087343811988831,0.5429239869117737,0.998240508119646
49,C9_opus6,bonafide,0.5570581678174282,0.5297079454472803,1.0,0.2658311927602831,0.17138812348246574,0.18377003073692322,0.07375469505786895,0.5673225731605105
49,N1_awgn20,bonafide,0.5411147373272182,0.5370622927258192,1.0,0.792721343856929,0.5041371047496797,0.845928430557251,0.5184935927391052,0.9960063127076568
49,N2_awgn10,bonafide,0.544414666396847,0.5367730116840334,1.0,0.7998040914853646,0.48541295528411865,0.8270414471626282,0.5639854669570923,0.9993062417772857
50,C0_clean,A16_voice_conversion,0.5432274209057054,0.5508162736165273,1.0,0.8590993137832522,0.4055441200733185,1.0,0.537357747554779,0.9929732983893951
50,C8_opus16,A16_voice_conversion,0.5437516392420795,0.538591030814794,1.0,0.7900129601666479,0.37018328309059145,0.8672056198120117,0.4846532940864563,0.992449080053021
50,C9_opus6,A16_voice_conversion,0.5623874134470147,0.5164500250331996,1.0,0.28130769602487493,0.15,0.18287481367588043,0.08683740198612212,0.6070218331956203
50,N1_awgn20,A16_voice_conversion,0.541464132691423,0.5355806762202263,1.0,0.8066438062766659,0.4391159534454346,0.8802002668380737,0.5204757452011108,0.9947365866036775
50,N2_awgn10,A16_voice_conversion,0.5441229357553322,0.5277004660866035,1.0,0.7772008197888363,0.3985494107007981,0.8375130295753479,0.48190757632255554,0.9920777835397683
51,C0_clean,A17_hybrid_tts,0.540639013486834,0.5418355113339404,1.0,0.8406557183933958,0.4055440932512283,1.0,0.47603845596313477,0.9928139386815178
51,C8_opus16,A17_hybrid_tts,0.5420006955687648,0.5271679111931127,1.0,0.7872605138686144,0.37018331587314607,0.8672056198120117,0.4737519323825836,0.9941756207634487
51,C9_opus6,A17_hybrid_tts,0.5658928967964446,0.5162728190486772,1.0,0.24512482406403893,0.15,0.1756444275379181,0.07084241509437561,0.5120477617351967
51,N1_awgn20,A17_hybrid_tts,0.5401703404886495,0.5322132243039339,1.0,0.8007069445064068,0.4798261493444443,0.8659694194793701,0.522051990032196,0.9923452656833334
51,N2_awgn10,A17_hybrid_tts,0.544988248716561,0.5334103616986113,1.0,0.7844063035718415,0.40982225239276887,0.8115377426147461,0.5354741811752319,0.9971631739112449
52,C0_clean,A18_hybrid_tts,0.5432510058897934,0.5395041206811031,1.0,0.8611046153800203,0.4055440664291382,1.0,0.5436679124832153,0.9933474721168523
52,C8_opus16,A18_hybrid_tts,0.5373054625800362,0.5297164877337094,1.0,0.8243823844272535,0.37018331587314607,0.8672056794166565,0.5923740267753601,0.9992930154266094
52,C9_opus6,A18_hybrid_tts,0.5608371966954192,0.5226194101562259,1.0,0.2654595413447525,0.15,0.18261229991912842,0.06981694847345352,0.5715651227835503
52,N1_awgn20,A18_hybrid_tts,0.5427600758306586,0.5364639422246906,1.0,0.7903490074110282,0.40117782652378087,0.8805477619171143,0.4665946066379547,0.9938384021759871
52,N2_awgn10,A18_hybrid_tts,0.5415666819947327,0.5392459479168117,1.0,0.7971517449955905,0.3923499137163162,0.8359219431877136,0.5475780963897705,0.9950317960119129
53,C0_clean,A19_hybrid_tts,0.5388497178220181,0.5435385777062481,1.0,0.8528568604216622,0.4055440932512283,1.0,0.5135285258293152,0.9959943422428924
53,C8_opus16,A19_hybrid_tts,0.5449555327328706,0.5403816840319877,1.0,0.8071029700600685,0.37018367648124695,0.8672056198120117,0.5361692309379578,0.9978998428462551
53,C9_opus6,A19_hybrid_tts,0.5601018882351739,0.5229944520813326,1.0,0.28908812171619963,0.15,0.17215652763843536,0.07648034691810608,0.6576046886179789
53,N1_awgn20,A19_hybrid_tts,0.5510685845154757,0.5377353278958568,1.0,0.7961269715956758,0.43749758303165437,0.8968058824539185,0.4662286043167114,0.99178679106365
53,N2_awgn10,A19_hybrid_tts,0.5436017928837276,0.533633470903452,1.0,0.7691051100907544,0.4040486723184586,0.8519364595413208,0.42851483821868896,0.9992535826953981
54,C0_clean,A07_neural_vocoder,0.5377690828339261,0.5305522963452723,1.0,0.8373939212708124,0.4055440932512283,1.0,0.46741387248039246,0.9905658650889825
54,C8_opus16,A07_neural_vocoder,0.5305364909706151,0.5294245982788116,1.0,0.785110295860066,0.37018331587314607,0.8672056198120117,0.4774268865585327,0.9833332732256714
54,C9_opus6,A07_neural_vocoder,0.5583908083226533,0.5258642094524717,1.0,0.27331969687914676,0.15,0.173492431640625,0.0807094931602478,0.5990329209160747
54,N1_awgn20,A07_neural_vocoder,0.5410300956852182,0.5356368472918465,1.0,0.7926643019522956,0.4383731782436371,0.8826647400856018,0.4715011417865753,0.9938268779402746
54,N2_awgn10,A07_neural_vocoder,0.5431546959537616,0.5393567324923341,1.0,0.8194772614615315,0.3637887328863144,0.8366144299507141,0.6201534867286682,0.995951478208818
55,C0_clean,A08_neural_vocoder,0.5401883011658397,0.5386540693415931,1.0,0.8333527888619944,0.4055440932512283,1.0,0.4562291204929352,0.9882801757137128
55,C8_opus16,A08_neural_vocoder,0.5417608277681724,0.5336847269680891,1.0,0.7925586449195146,0.37018331587314607,0.8672056198120117,0.4957352876663208,0.9898527023160455
55,C9_opus6,A08_neural_vocoder,0.5600401059107586,0.5203082134466624,1.0,0.2766999039058874,0.15,0.15820541977882385,0.08848914206027984,0.6229033112542464
55,N1_awgn20,A08_neural_vocoder,0.546794308131666,0.5381270121324989,1.0,0.826048369089903,0.39798460602760316,0.8914430141448975,0.5700176954269409,0.9948861826795391
55,N2_awgn10,A08_neural_vocoder,0.5469295022930893,0.5385290412020874,1.0,0.7700509172179382,0.3877873301506043,0.8280807137489319,0.46770739555358887,0.9950213768409625
56,C0_clean,A10_neural_vocoder,0.5452477635765967,0.5373238239421972,1.0,0.8588726395065329,0.4055440932512283,1.0,0.5318036675453186,0.997771797476458
56,C8_opus16,A10_neural_vocoder,0.5436438856272218,0.5477204167593666,1.0,0.8155061905057994,0.37018331587314607,0.8672056198120117,0.5659118890762329,0.9961679195270831
56,C9_opus6,A10_neural_vocoder,0.5548021078163101,0.5243730310800325,1.0,0.25557802869853263,0.15,0.16751420497894287,0.06983753889799117,0.5587369501251936
56,N1_awgn20,A10_neural_vocoder,0.5456601804046449,0.5430798745222922,1.0,0.7901957155080496,0.4096388578414917,0.8716626167297363,0.47358468174934387,0.9981842143045062
56,N2_awgn10,A10_neural_vocoder,0.5426634395008499,0.532187348927806,1.0,0.8301161146474717,0.3888162523508072,0.8426707983016968,0.6483051776885986,0.9951874734007112
57,C0_clean,A13_voice_conversion,0.5428213869401337,0.5374887214190294,1.0,0.8319125382622445,0.4055440932512283,1.0,0.4436537027359009,0.9960547581382475
57,C8_opus16,A13_voice_conversion,0.5481111181145831,0.5367904452508367,1.0,0.799665490610442,0.37018331587314607,0.8672056198120117,0.510621964931488,0.9986555106873031
57,C9_opus6,A13_voice_conversion,0.5643748616900617,0.5173662438113769,1.0,0.2537437034223645,0.15,0.1747536063194275,0.07138253152370452,0.5414250047916072
57,N1_awgn20,A13_voice_conversion,0.5474878890502923,0.5461672409200579,1.0,0.8081175612393667,0.4398032039403915,0.8873801231384277,0.5112729668617249,0.9992787397515939
57,N2_awgn10,A13_voice_conversion,0.5484562627486995,0.5367445990709535,1.0,0.7813694831069716,0.4133091032505035,0.8468570709228516,0.47711181640625,0.9983103660531867
58,C0_clean,A14_voice_conversion,0.5432616143920671,0.5321180392150788,1.0,0.8629309978129129,0.4055440932512283,1.0,0.5442280769348145,0.9988752491082288
58,C8_opus16,A14_voice_conversion,0.5495563443744971,0.5342162988886926,1.0,0.8168171721714554,0.37018331587314607,0.8672056198120117,0.5738692283630371,0.9925805191257988
58,C9_opus6,A14_voice_conversion,0.5581329726224162,0.5220285781206462,1.0,0.2533071762059415,0.15,0.1743014007806778,0.07797503471374512,0.5339803515984896
58,N1_awgn20,A14_voice_conversion,0.5416341937349006,0.5428941618233624,1.0,0.8007508146900408,0.438472530245781,0.8791077136993408,0.49752843379974365,0.9994973302346047
58,N2_awgn10,A14_voice_conversion,0.5442367238795335,0.5311614350242114,1.0,0.7546556864174787,0.3912951350212097,0.8469637632369995,0.388333797454834,0.9979001396207624
59,C0_clean,A16_voice_conversion,0.5395657761143491,0.5440364656240555,1.0,0.854118619369092,0.4055440932512283,1.0,0.5187590718269348,0.9949696594033713
59,C8_opus16,A16_voice_conversion,0.5481944898551683,0.5338037180652695,1.0,0.7771289017768737,0.37018331587314607,0.8672056198120117,0.4377538859844208,0.9964016268558095
59,C9_opus6,A16_voice_conversion,0.5592802321908299,0.5234890814005871,1.0,0.24909987556586355,0.15,0.15524859726428986,0.07465447783470154,0.5486803110324572
59,N1_awgn20,A16_voice_conversion,0.5396773192742111,0.5300709883166836,1.0,0.820561121814426,0.44909312129020695,0.892694890499115,0.5498626828193665,0.9950812025632334
59,N2_awgn10,A16_voice_conversion,0.550570988408204,0.5411839192555351,1.0,0.7804586879068021,0.394419738650322,0.8466405272483826,0.4786497950553894,0.9940251283027738
60,C0_clean,A17_hybrid_tts,0.5383918247439131,0.5503837399178042,1.0,0.8439151801324227,0.4055440932512283,1.0,0.4825821816921234,0.9971350854159524
60,C8_opus16,A17_hybrid_tts,0.5448060958397152,0.5424955296663995,1.0,0.8015591385210983,0.37018331587314607,0.8672056198120117,0.5191389918327332,0.9964506434882455
60,C9_opus6,A17_hybrid_tts,0.5552108101704913,0.5204000453587833,1.0,0.26671553647327406,0.15,0.1577392965555191,0.07679732143878937,0.6019354047314321
60,N1_awgn20,A17_hybrid_tts,0.5416717441222048,0.5324989016912859,1.0,0.7930511780069935,0.4070144832134247,0.8836838006973267,0.46567386388778687,0.9995849952057559
60,N2_awgn10,A17_hybrid_tts,0.5454105367685248,0.5338875970185205,1.0,0.7825490267834558,0.40260398983955387,0.8415707349777222,0.4905562400817871,0.9958462025594359
61,C0_clean,A18_hybrid_tts,0.5422626744591067,0.5393321007934739,1.0,0.851868521239316,0.4055440932512283,1.0,0.5070121884346008,0.9992162156964521
61,C8_opus16,A18_hybrid_tts,0.5321512932965002,0.5520328766320791,1.0,0.8099143586567388,0.37018367648124695,0.8672056198120117,0.5543355345726013,0.9891048345338457
61,C9_opus6,A18_hybrid_tts,0.5513228281262322,0.5265415117634531,1.0,0.2619071948353342,0.15,0.1738821119070053,0.08331778943538666,0.5578633774730537
61,N1_awgn20,A18_hybrid_tts,0.5516452507539379,0.5369714940115794,1.0,0.7965775735871166,0.45866225659847265,0.8962453007698059,0.4688636362552643,0.9914012080087167
61,N2_awgn10,A18_hybrid_tts,0.5472632963217483,0.5395654517715586,1.0,0.7937532938498408,0.40366782844066623,0.8543521165847778,0.5109249949455261,0.9957831624409063
62,C0_clean,A19_hybrid_tts,0.5520170779261914,0.5397119060148321,1.0,0.8530084297940822,0.4055440932512283,1.0,0.5182930827140808,0.9917350165995266
62,C8_opus16,A19_hybrid_tts,0.5479091595837979,0.5428717420610302,1.0,0.7986642722176529,0.37018331587314607,0.8672056198120117,0.5100971460342407,0.99584293494192
62,C9_opus6,A19_hybrid_tts,0.5513690809124117,0.5313385828575244,1.0,0.25957224068386153,0.15,0.15914767980575562,0.08390902876853942,0.5691348671033248
62,N1_awgn20,A19_hybrid_tts,0.5474690848775748,0.5362947277714931,1.0,0.804481928050464,0.4174481123685837,0.8778313994407654,0.5148815512657166,0.9962830096481431
62,N2_awgn10,A19_hybrid_tts,0.550408903017633,0.5395890196677836,1.0,0.7884679487835259,0.39791730344295506,0.838350236415863,0.5170829892158508,0.9933431915080849
63,C0_clean,A07_neural_vocoder,0.5353313887362989,0.5452346006382501,1.0,0.8219078267307985,0.4055440932512283,1.0,0.41580578684806824,0.9905536355879271
63,C8_opus16,A07_neural_vocoder,0.5462632189726851,0.5405210970573148,1.0,0.8049985233367362,0.37018331587314607,0.8672056198120117,0.5285397171974182,0.9985145341756867
63,C9_opus6,A07_neural_vocoder,0.5573192960871476,0.5224432270587908,1.0,0.26852294007278577,0.15,0.16542930901050568,0.07388089299201965,0.6006231619032587
63,N1_awgn20,A07_neural_vocoder,0.5351224158083573,0.5456498550947962,1.0,0.7842211422901222,0.43741121590137483,0.8838664889335632,0.4452371597290039,0.9903446626599854
63,N2_awgn10,A07_neural_vocoder,0.5384707583226037,0.5258053293620962,1.0,0.7668652657061317,0.38972458243370056,0.8286139965057373,0.45770588517189026,0.9936930051742319
64,C0_clean,A08_neural_vocoder,0.5482100758006819,0.5450490854467132,1.0,0.8276457089775555,0.4055440932512283,1.0,0.43389058113098145,0.9915951154608706
64,C8_opus16,A08_neural_vocoder,0.5539180666304814,0.5422529398311983,1.0,0.7823387874642802,0.37018328309059145,0.8672056198120117,0.46563467383384705,0.9858871246310712
64,C9_opus6,A08_neural_vocoder,0.5543621226188512,0.5232669790291535,1.0,0.2552232575329906,0.15,0.1683328002691269,0.07257022708654404,0.5537302309979221
64,N1_awgn20,A08_neural_vocoder,0.5496304914773184,0.5284760826011317,1.0,0.7760045763733731,0.42830356061458585,0.8798215985298157,0.4234117567539215,0.9901746997842342
64,N2_awgn10,A08_neural_vocoder,0.5466421442211061,0.5403834781533864,1.0,0.8225664191856814,0.4153865724802017,0.8491806387901306,0.6164841651916504,0.9931630470404464
65,C0_clean,A10_neural_vocoder,0.5419604226485044,0.5390555165610776,1.0,0.8450481589236196,0.4055441200733185,1.0,0.4874107837677002,0.9960830793110322
65,C8_opus16,A10_neural_vocoder,0.5424874549692162,0.5325923714807316,1.0,0.8041740496867278,0.37018367648124695,0.8672056198120117,0.527695894241333,0.9966101116317441
65,C9_opus6,A10_neural_vocoder,0.5512798701673086,0.52410165400238,1.0,0.2810253118792752,0.15,0.16010916233062744,0.06759206503629685,0.6556800914537839
65,N1_awgn20,A10_neural_vocoder,0.5348036945297967,0.5323956617692358,1.0,0.8073443532355813,0.4679832398891449,0.8671901226043701,0.5459679961204529,0.9889263511923245
65,N2_awgn10,A10_neural_vocoder,0.5384464528505001,0.5355179444318233,1.0,0.794720792983074,0.3721811294555664,0.8320555090904236,0.547092854976654,0.9925691095130279
66,C0_clean,A13_voice_conversion,0.5405268775307298,0.533329872525409,1.0,0.8339213402704417,0.4055440932512283,1.0,0.45162785053253174,0.994776617035607
66,C8_opus16,A13_voice_conversion,0.5442547972744725,0.5293791437285819,1.0,0.7874257497285682,0.37018331587314607,0.8672056198120117,0.4699738025665283,0.9985045367793497
66,C9_opus6,A13_voice_conversion,0.5633466810926258,0.523264671588626,1.0,0.2693532753550131,0.15,0.18201962113380432,0.07830995321273804,0.5768414697922332
66,N1_awgn20,A13_voice_conversion,0.5445153251980324,0.5385405585114252,1.0,0.8074895362336878,0.4108521580696106,0.8922240734100342,0.5032346248626709,0.9987650647029096
66,N2_awgn10,A13_voice_conversion,0.5453601079210443,0.5351400407872774,1.0,0.7991866706489037,0.40180131494998933,0.8279874920845032,0.5603623986244202,0.9996098474259215
67,C0_clean,A14_voice_conversion,0.5335181204036809,0.5457470986413187,1.0,0.854061723033888,0.4055440664291382,1.0,0.5250269174575806,0.9885121593220464
67,C8_opus16,A14_voice_conversion,0.5412792714862327,0.54110099233162,1.0,0.7912633423273503,0.37018331587314607,0.8672056198120117,0.4849970042705536,0.9962733104045982
67,C9_opus6,A14_voice_conversion,0.5612891654895731,0.5217107080036891,1.0,0.2795675347260486,0.15,0.15927281975746155,0.06961833983659745,0.6499096829069493
67,N1_awgn20,A14_voice_conversion,0.5439087669021988,0.5333094686426215,1.0,0.7893080258892358,0.47109201550483704,0.8743101954460144,0.46637701988220215,0.9989028058205643
67,N2_awgn10,A14_voice_conversion,0.5371997275360475,0.5384113839199401,1.0,0.8170965755044086,0.3696881860494614,0.8431140184402466,0.6073094606399536,0.992193766454413
68,C0_clean,A16_voice_conversion,0.5390735617056115,0.5393508965013329,1.0,0.8540919108120504,0.4055440664291382,1.0,0.5207350254058838,0.992904677300951
68,C8_opus16,A16_voice_conversion,0.5419208775956174,0.5421635079802148,1.0,0.7962776828800776,0.37018331587314607,0.8672056198120117,0.5022327899932861,0.9957519931909569
68,C9_opus6,A16_voice_conversion,0.5641180746062349,0.514752838716873,1.0,0.2748360188269088,0.15,0.1589696705341339,0.09158516228199005,0.6125753397621939
68,N1_awgn20,A16_voice_conversion,0.544434186685348,0.5337770022599186,1.0,0.8022341776192496,0.45537304878234863,0.8819261193275452,0.49994713068008423,0.9982653022806875
68,N2_awgn10,A16_voice_conversion,0.5334331441741537,0.5418832434672618,1.0,0.7646880251508874,0.4099712878465653,0.8500661849975586,0.4282742440700531,0.9872642597694932
69,C0_clean,A17_hybrid_tts,0.5373292582515595,0.5318847705326714,1.0,0.8511965045920471,0.4055440932512283,1.0,0.5151793360710144,0.9888090125691428
69,C8_opus16,A17_hybrid_tts,0.5371519911895763,0.5337876192724376,1.0,0.8019346059351679,0.37018364369869233,0.8672056198120117,0.5282094478607178,0.9886317455071596
69,C9_opus6,A17_hybrid_tts,0.55287695252547,0.5244421108781906,1.0,0.24937145394338284,0.15,0.16365906596183777,0.07526191771030426,0.5377641741518548
69,N1_awgn20,A17_hybrid_tts,0.5466775010321048,0.5275214655630827,1.0,0.8042286254460014,0.4219778954982758,0.8745071887969971,0.5165952444076538,0.998157255349688
69,N2_awgn10,A17_hybrid_tts,0.5488818919251045,0.531208247943806,1.0,0.8006476804531366,0.39696598052978516,0.8628226518630981,0.5187570452690125,0.9996383537573122
70,C0_clean,A18_hybrid_tts,0.5364749407212079,0.5397211546117116,1.0,0.8518324338797124,0.4055440932512283,1.0,0.5209960341453552,0.9851120787870193
70,C8_opus16,A18_hybrid_tts,0.5430359145608219,0.5400378923584721,1.0,0.8027717352860522,0.37018328309059145,0.8672056198120117,0.5279585719108582,0.9916730526266333
70,C9_opus6,A18_hybrid_tts,0.552221800711349,0.5236097881635727,1.0,0.2835000480480059,0.15,0.16017019748687744,0.06810129582881927,0.6633386010153637
70,N1_awgn20,A18_hybrid_tts,0.5488493313736162,0.5316479985509713,1.0,0.7990739337479356,0.4363074004650116,0.8860357999801636,0.48471224308013916,0.9974864694394276
70,N2_awgn10,A18_hybrid_tts,0.5359449972895035,0.5373842663592888,1.0,0.7777675686108594,0.3892160952091217,0.8509641289710999,0.47335758805274963,0.9845821353553149
71,C0_clean,A19_hybrid_tts,0.5461352502998508,0.5362541037968543,1.0,0.8509117914003974,0.4055440932512283,1.0,0.5038044452667236,0.9992348594012678
71,C8_opus16,A19_hybrid_tts,0.5400185409856906,0.5391524953233585,1.0,0.7982104906594483,0.37018331587314607,0.8672056198120117,0.5113093256950378,0.9931181500871076
71,C9_opus6,A19_hybrid_tts,0.5612546215702782,0.5195989427111551,1.0,0.2586981815875839,0.15,0.17644450068473816,0.08031725585460663,0.5467506818576888
71,N1_awgn20,A19_hybrid_tts,0.5450101423912461,0.5320129812124473,1.0,0.7725011091083062,0.4091981202363968,0.8764907121658325,0.4082396626472473,0.9981097514926631
71,N2_awgn10,A19_hybrid_tts,0.5450378856602891,0.5493700049495297,1.0,0.7552645238754037,0.38740126192569735,0.8452503681182861,0.39241042733192444,0.9981374947617061
72,C0_clean,A07_neural_vocoder,0.5404091467927379,0.5395055517340444,1.0,0.8618227296070202,0.4055440664291382,1.0,0.5419695973396301,0.9974395013504374
72,C8_opus16,A07_neural_vocoder,0.5412045148828165,0.5386810739665998,1.0,0.8101515118480087,0.37018331587314607,0.8672056198120117,0.5459960103034973,0.998234869440516
72,C9_opus6,A07_neural_vocoder,0.553909428084746,0.5223731829295262,1.0,0.2600699065710869,0.15,0.17774783074855804,0.07741909325122832,0.5524834876543174
72,N1_awgn20,A07_neural_vocoder,0.5370588630291498,0.5443235999670123,1.0,0.7981116716872259,0.4055041760206223,0.8879128694534302,0.48239919543266296,0.9940892175868493
72,N2_awgn10,A07_neural_vocoder,0.544486134332322,0.5352406192061302,1.0,0.7776466048657389,0.3975772142410279,0.8183175921440125,0.5025817155838013,0.9984835111099786
73,C0_clean,A08_neural_vocoder,0.5384992985780376,0.5367479348264501,1.0,0.885340100029064,0.4055440932512283,1.0,0.6232889294624329,0.9945114039677805
73,C8_opus16,A08_neural_vocoder,0.5300272944357474,0.5376638963307949,1.0,0.8006521283754577,0.37018331587314607,0.8672056198120117,0.5265268683433533,0.9860393998254903
73,C9_opus6,A08_neural_vocoder,0.5559715703320539,0.5233768227775045,1.0,0.2693582831049999,0.15,0.15467865765094757,0.07043502330780028,0.6211877101742692
73,N1_awgn20,A08_neural_vocoder,0.5452334473022304,0.5375214329909512,1.0,0.7925654875060448,0.3836019694805145,0.8599530458450317,0.49652644991874695,0.9987544473080266
73,N2_awgn10,A08_neural_vocoder,0.5382123336796336,0.5363705515726646,1.0,0.7604713022723038,0.3911570936441422,0.8545494675636292,0.40128061175346375,0.9942244390693765
74,C0_clean,A10_neural_vocoder,0.5476537541617186,0.5460938092584866,1.0,0.8558017863853764,0.4055440664291382,1.0,0.530041515827179,0.9892977721240759
74,C8_opus16,A10_neural_vocoder,0.5501095182880096,0.5380874496822508,1.0,0.7897458647379738,0.37018331587314607,0.8672056198120117,0.48937004804611206,0.9868420079977849
74,C9_opus6,A10_neural_vocoder,0.5535349987502928,0.5215921003310797,1.0,0.270271869009847,0.15,0.18233780562877655,0.07247812449932098,0.5853110313618003
74,N1_awgn20,A10_neural_vocoder,0.5436997545322652,0.5346728516057658,1.0,0.7936393144802747,0.44289439618587495,0.8906247019767761,0.4647130072116852,0.9932517717535293
74,N2_awgn10,A10_neural_vocoder,0.5392254898475226,0.5294593586136832,1.0,0.7921868125584499,0.4166983962059021,0.8565425872802734,0.50083988904953,0.9977260364382718
75,C0_clean,A13_voice_conversion,0.5514434103439884,0.5347801358000087,1.0,0.8563420599197706,0.4055440932512283,1.0,0.5250214338302612,0.9961187659023075
75,C8_opus16,A13_voice_conversion,0.5420133501994808,0.542290959587651,1.0,0.7920958485639005,0.37018331587314607,0.8672056198120117,0.48959416151046753,0.9944511739531849
75,C9_opus6,A13_voice_conversion,0.5478223282012181,0.5258750832519058,1.0,0.2723344067468014,0.15,0.15838848054409027,0.066230508685112,0.6303662064121058
75,N1_awgn20,A13_voice_conversion,0.5291999875901788,0.5351135787078343,1.0,0.7927549051287813,0.4467776119709015,0.892240047454834,0.47122514247894287,0.981637811343883
75,N2_awgn10,A13_voice_conversion,0.5354762033122116,0.5380460384428136,1.0,0.7948522452386866,0.38208402991294865,0.8564619421958923,0.5196442008018494,0.9879140270659157
76,C0_clean,A14_voice_conversion,0.5405979018420708,0.5351346552955922,1.0,0.8580052273914289,0.4055441200733185,1.0,0.5290096402168274,0.9976744510879357
76,C8_opus16,A14_voice_conversion,0.5418632397386249,0.5372075896986905,1.0,0.8145254184744455,0.37018331587314607,0.8672056198120117,0.5598707795143127,0.9989397889844899
76,C9_opus6,A14_voice_conversion,0.5626782164138405,0.5188483455014913,1.0,0.23602716342725172,0.15,0.15814360976219177,0.06800694465637207,0.5078921204182113
76,N1_awgn20,A14_voice_conversion,0.5378675489193979,0.5263764816372616,1.0,0.7969915308268753,0.4467567682266236,0.8879174590110779,0.47780439257621765,0.9949440981652629
76,N2_awgn10,A14_voice_conversion,0.5439216489967574,0.5428254525870991,1.0,0.7962664069975502,0.3853048294782639,0.8556910157203674,0.5142982006072998,0.9990018017573776
77,C0_clean,A16_voice_conversion,0.5379663845847671,0.5395582867049545,1.0,0.8258553205453597,0.4055440932512283,1.0,0.4200882315635681,0.999429503587631
77,C8_opus16,A16_voice_conversion,0.5497087276287856,0.543416508065777,1.0,0.8070212989962137,0.37018328309059145,0.8672056198120117,0.546109676361084,0.9876871605436125
77,C9_opus6,A16_voice_conversion,0.5642152347069695,0.5237523420219936,1.0,0.2682362501508775,0.15,0.1796160638332367,0.08476946353912353,0.5698632851861526
77,N1_awgn20,A16_voice_conversion,0.5390087815687505,0.5476695778201222,1.0,0.8084836627084807,0.4329498887062073,0.8801320791244507,0.523048996925354,0.9983871066036476
77,N2_awgn10,A16_voice_conversion,0.5411118034792488,0.5379849902935153,1.0,0.7921811214612591,0.43241363763809204,0.8530794382095337,0.5068804025650024,0.9962840846931493
78,C0_clean,A17_hybrid_tts,0.5460020695397222,0.536715528605143,1.0,0.8325179962013627,0.4055440664291382,1.0,0.45146435499191284,0.9902622990126294
78,C8_opus16,A17_hybrid_tts,0.5453391513663962,0.5432726331695552,1.0,0.7784688098771992,0.37018367648124695,0.8672056198120117,0.44769665598869324,0.9909252171859554
78,C9_opus6,A17_hybrid_tts,0.5598307814056172,0.5297606685298915,1.0,0.2531859772183781,0.15,0.1602437049150467,0.0803985446691513,0.5498964395053801
78,N1_awgn20,A17_hybrid_tts,0.5437434632334054,0.5330343303290701,1.0,0.7934832980582388,0.4363235145807266,0.8831217288970947,0.47492778301239014,0.9925209053189462
78,N2_awgn10,A17_hybrid_tts,0.5490641740446827,0.5341421715303123,1.0,0.7969809692829344,0.399979916214943,0.8529480695724487,0.5321389436721802,0.9872001945076689
79,C0_clean,A18_hybrid_tts,0.548996357875095,0.5437290062553021,1.0,0.8701067889088654,0.4055440664291382,1.0,0.5728260278701782,0.9941966018260402
79,C8_opus16,A18_hybrid_tts,0.5383872049303353,0.5391401593985294,1.0,0.8043546106964456,0.37018331587314607,0.8672056198120117,0.5297136306762695,0.9951942452292001
79,C9_opus6,A18_hybrid_tts,0.5469302239319729,0.5335190287708488,1.0,0.25167243492384933,0.15,0.1618996560573578,0.06717024296522141,0.5558716653711326
79,N1_awgn20,A18_hybrid_tts,0.5408812723982606,0.5392716945913405,1.0,0.8006965039276221,0.43031813800334934,0.8867330551147461,0.48898929357528687,0.9976883126971253
79,N2_awgn10,A18_hybrid_tts,0.5475895588327899,0.5337974214161642,1.0,0.7951895589834955,0.3862766116857529,0.8356404304504395,0.5408412218093872,0.9956034008683453
80,C0_clean,A19_hybrid_tts,0.5387565443690823,0.5480367278801,1.0,0.8532298591210741,0.4055441200733185,1.0,0.5141740441322327,0.9965921529380143
80,C8_opus16,A19_hybrid_tts,0.5463302765340089,0.5406585187395773,1.0,0.8030097731196304,0.37018331587314607,0.8672056198120117,0.5245909690856934,0.9958341148970591
80,C9_opus6,A19_hybrid_tts,0.5584614207232368,0.5233215109184685,1.0,0.2674088303556621,0.15,0.1584976315498352,0.08380746245384216,0.5962251299985847
80,N1_awgn20,A19_hybrid_tts,0.5466725880011752,0.5402804116960023,1.0,0.7951913627214344,0.431018790602684,0.8695429563522339,0.49575546383857727,0.9954918034298927
80,N2_awgn10,A19_hybrid_tts,0.5355568054355508,0.5394557309025104,1.0,0.7881611961575979,0.3559273689985275,0.8491756916046143,0.5015773177146912,0.9933924140044829
81,C0_clean,A07_neural_vocoder,0.5453771653155253,0.5305041180604227,1.0,0.8841474015596897,0.4055440932512283,1.0,0.6150655746459961,0.9987590972196363
81,C8_opus16,A07_neural_vocoder,0.5517127627470847,0.5404618566807484,1.0,0.7965429343113215,0.37018331587314607,0.8672056198120117,0.5039636492729187,0.9949053053488043
81,C9_opus6,A07_neural_vocoder,0.5597792449407065,0.5228943818957246,1.0,0.26244550815202305,0.15,0.17933309078216553,0.08467950224876404,0.5510280705484254
81,N1_awgn20,A07_neural_vocoder,0.5377994938574173,0.5350452866225126,1.0,0.8031922467086754,0.42575709223747255,0.8973951935768127,0.4895991384983063,0.9911814257615283
81,N2_awgn10,A07_neural_vocoder,0.5518869008329143,0.5384359793379577,1.0,0.7865163145381759,0.3852030903100968,0.8231310844421387,0.5294817686080933,0.9947311672629747
82,C0_clean,A08_neural_vocoder,0.5459831574332283,0.5369510854784031,1.0,0.8539937910050427,0.4055440932512283,1.0,0.5222752094268799,0.9910374272565958
82,C8_opus16,A08_neural_vocoder,0.5427293285774059,0.533419620830829,1.0,0.7931720227725987,0.37018331587314607,0.8672056198120117,0.493341326713562,0.9942912561124183
82,C9_opus6,A08_neural_vocoder,0.5491142571663584,0.5181049191000954,1.0,0.2712394418777917,0.15,0.1818230003118515,0.07986838817596435,0.5818324176675393
82,N1_awgn20,A08_neural_vocoder,0.5384968515976191,0.526946617931017,1.0,0.7856112304547002,0.41483958363533024,0.8708610534667969,0.4590322971343994,0.9985237330922051
82,N2_awgn10,A08_neural_vocoder,0.5450000259400226,0.5281993305753073,1.0,0.7903294895396134,0.36398579776287077,0.8346788287162781,0.5295059680938721,0.9920205587498016
83,C0_clean,A10_neural_vocoder,0.5362454722510994,0.545832742954885,1.0,0.8710177431502941,0.4055440932512283,1.0,0.5840996503829956,0.9859594934513182
83,C8_opus16,A10_neural_vocoder,0.5435614689627223,0.5331653029132286,1.0,0.7862826099271096,0.37018331587314607,0.8672056794166565,0.47139230370521545,0.993275490162941
83,C9_opus6,A10_neural_vocoder,0.5575552326669747,0.5310780736118499,1.0,0.29265596088221746,0.15,0.16837619245052338,0.07077456414699554,0.6802437155263649
83,N1_awgn20,A10_neural_vocoder,0.5484986893110774,0.5426634544709458,1.0,0.8312643574153213,0.4249346137046814,0.8771570920944214,0.6031256914138794,0.9982127105112961
83,N2_awgn10,A10_neural_vocoder,0.5465048896970869,0.5346309871021038,1.0,0.8055076512946281,0.3818145453929901,0.8693457841873169,0.5296788811683655,0.9962189108973056
84,C0_clean,A13_voice_conversion,0.5391490768873753,0.5377338597533636,1.0,0.8498908836579779,0.4055440932512283,1.0,0.49987635016441345,0.9997599286955131
84,C8_opus16,A13_voice_conversion,0.5474324136466123,0.5377861468276994,1.0,0.8047836948965568,0.37018328309059145,0.8672056198120117,0.5348615646362305,0.9914765919362761
84,C9_opus6,A13_voice_conversion,0.5545397841292897,0.5188710246558509,1.0,0.2617320091348696,0.15,0.1650618463754654,0.08608799278736114,0.5662695758282503
84,N1_awgn20,A13_voice_conversion,0.5448333952629517,0.5307395925265208,1.0,0.7975472730637087,0.40696265995502473,0.8783451318740845,0.49328845739364624,0.9940756103199367
84,N2_awgn10,A13_voice_conversion,0.5461715873051475,0.5460212319441661,1.0,0.7849294918369295,0.40334393680095676,0.8356101512908936,0.5095473527908325,0.992737418277741
85,C0_clean,A14_voice_conversion,0.5413083148634824,0.545737046650958,1.0,0.8436618050802085,0.4055440932512283,1.0,0.48256444931030273,0.996308234290392
85,C8_opus16,A14_voice_conversion,0.5486490944637151,0.527657300813858,1.0,0.7890217859323088,0.37018331587314607,0.8672056198120117,0.4848310053348541,0.9889674546901592
85,C9_opus6,A14_voice_conversion,0.550989137138231,0.52411720692988,1.0,0.24843624573186568,0.15,0.1706387847661972,0.07134001404047012,0.5292624253774859
85,N1_awgn20,A14_voice_conversion,0.5416155801795449,0.5353162243796206,1.0,0.8065909694318465,0.39283875226974485,0.8823203444480896,0.5162084698677063,0.9960009689743294
85,N2_awgn10,A14_voice_conversion,0.5458917689101527,0.5340127274243864,1.0,0.7571376118189356,0.3783072143793106,0.8338115811347961,0.42031848430633545,0.9917247802437217
86,C0_clean,A16_voice_conversion,0.5398624254747468,0.5488612579833487,1.0,0.8061159854218817,0.4055440664291382,1.0,0.3564319610595703,0.9972879903467018
86,C8_opus16,A16_voice_conversion,0.5403704063208284,0.5343330520944314,1.0,0.8208477948404662,0.37018331587314607,0.8672056198120117,0.5831051468849182,0.9967800095006202
86,C9_opus6,A16_voice_conversion,0.5585419655557007,0.5205673926488806,1.0,0.2764900594225467,0.15,0.17172908782958984,0.0785220980644226,0.6141393162379466
86,N1_awgn20,A16_voice_conversion,0.5376010838677348,0.5330547605790639,1.0,0.8020432301433651,0.40604446828365326,0.8758519887924194,0.5061254501342773,0.9995493319537139
86,N2_awgn10,A16_voice_conversion,0.5422332208871592,0.5324598064831128,1.0,0.7870414617334607,0.424046728014946,0.8330606818199158,0.5178067684173584,0.9949171949342894
87,C0_clean,A17_hybrid_tts,0.5478405239735911,0.5373696098389402,1.0,0.8426196493498095,0.4055440932512283,1.0,0.48485350608825684,0.9905453250777748
87,C8_opus16,A17_hybrid_tts,0.5431641090422074,0.5316889804387805,1.0,0.7952511358266383,0.37018331587314607,0.8672056198120117,0.49934121966362,0.9952217400091585
87,C9_opus6,A17_hybrid_tts,0.5553075405381548,0.5236207752623786,1.0,0.2760674979912944,0.15,0.16429108381271362,0.08053264617919921,0.620637568708164
87,N1_awgn20,A17_hybrid_tts,0.5395707753171871,0.5417552846941907,1.0,0.7819006157415076,0.442222860455513,0.8891980648040771,0.421922892332077,0.9988150737341788
87,N2_awgn10,A17_hybrid_tts,0.5444460787881831,0.5302388018495331,1.0,0.7698175647860014,0.3566412389278412,0.8510855436325073,0.43733805418014526,0.9939397702631828
88,C0_clean,A18_hybrid_tts,0.5319243409204725,0.5458236967722859,1.0,0.8454565577350781,0.4055440932512283,1.0,0.49826300144195557,0.9865921910083048
88,C8_opus16,A18_hybrid_tts,0.5386046254186879,0.538346958382395,1.0,0.7838577783422637,0.37018331587314607,0.8672056198120117,0.46331262588500977,0.9932724755065202
88,C9_opus6,A18_hybrid_tts,0.5551450761488538,0.5241387952182966,1.0,0.2771844550546575,0.15,0.16886088252067566,0.08362105786800385,0.6151792822866202
88,N1_awgn20,A18_hybrid_tts,0.5425014210517684,0.532940255424749,1.0,0.8180453464473185,0.4046372890472412,0.8542670011520386,0.5906258821487427,0.9971692711396006
88,N2_awgn10,A18_hybrid_tts,0.5426993533341279,0.5347688258334415,1.0,0.7704457372985989,0.3871070116758347,0.8505363464355469,0.4367367923259735,0.9973672034219602
89,C0_clean,A19_hybrid_tts,0.534828135860382,0.5364461994822541,1.0,0.8710948777824166,0.4055440664291382,1.0,0.5885381698608398,0.981778089413882
89,C8_opus16,A19_hybrid_tts,0.5496420197165537,0.5376291780780955,1.0,0.7969790542021618,0.37018328309059145,0.8672056198120117,0.5037307143211365,0.9965919732700537
89,C9_opus6,A19_hybrid_tts,0.5526502472397552,0.5209400751160834,1.0,0.2566844418789846,0.15,0.16768963634967804,0.07016176879405975,0.5618668556696514
89,N1_awgn20,A19_hybrid_tts,0.5503851787532243,0.5393536099047037,1.0,0.80581962953386,0.41346872150897984,0.8869106769561768,0.5061827301979065,0.9973351323067243
89,N2_awgn10,A19_hybrid_tts,0.5417588863701134,0.5289661032418257,1.0,0.7784849453301648,0.4159053713083267,0.8391028642654419,0.4874371588230133,0.9887088399236134
90,C0_clean,A07_neural_vocoder,0.5390976004320469,0.5559655378392243,1.0,0.8463505771538423,0.4055440932512283,1.0,0.49615320563316345,0.9916820515463111
90,C8_opus16,A07_neural_vocoder,0.538896932353284,0.5352123244152125,1.0,0.7988206147625545,0.37018331587314607,0.8672056198120117,0.5149798393249512,0.9914813834675481
90,C9_opus6,A07_neural_vocoder,0.5473340643332286,0.5245153524445756,1.0,0.2796786762206521,0.15,0.1756046712398529,0.08361985981464386,0.6145028326010594
90,N1_awgn20,A07_neural_vocoder,0.5483566777797514,0.5402677690088459,1.0,0.8219398941503988,0.4006603389978409,0.8792025446891785,0.5684707164764404,0.9990588711059845
90,N2_awgn10,A07_neural_vocoder,0.5420344680435157,0.530910851608855,1.0,0.8000108500313152,0.3920531511306763,0.8503212332725525,0.5383222699165344,0.9946189191577799
91,C0_clean,A08_neural_vocoder,0.5432818043491427,0.5441690366957969,1.0,0.8646600732977937,0.4055441200733185,1.0,0.5491737127304077,0.9996931982622381
91,C8_opus16,A08_neural_vocoder,0.5413281534136677,0.5397612398368132,1.0,0.7898004364474415,0.37018364369869233,0.8672056198120117,0.4786544144153595,0.9977395473267631
91,C9_opus6,A08_neural_vocoder,0.5543078346681956,0.5188983101188478,1.0,0.2803103408962676,0.15,0.18369615077972412,0.07249563932418823,0.6169439626237384
91,N1_awgn20,A08_neural_vocoder,0.5369229381413598,0.5378604945707326,1.0,0.8337412771420476,0.4397561103105545,0.8869698643684387,0.6031767725944519,0.9933343320544552
91,N2_awgn10,A08_neural_vocoder,0.5426852664877564,0.5391783855372637,1.0,0.8092588152245952,0.3960603654384613,0.8458263278007507,0.5706642866134644,0.9990966604008518
92,C0_clean,A10_neural_vocoder,0.5390642786749773,0.5449286499783994,1.0,0.8560252502851265,0.4055440932512283,1.0,0.5214604139328003,0.9986237536842884
92,C8_opus16,A10_neural_vocoder,0.5556037058138529,0.5402422782623081,1.0,0.809331003606324,0.37018328309059145,0.8672056198120117,0.5594115257263184,0.9820843265454128
92,C9_opus6,A10_neural_vocoder,0.5528691863707489,0.5260861661918028,1.0,0.26856575253156867,0.15,0.15519772469997406,0.07744989395141601,0.6108389815538476
92,N1_awgn20,A10_neural_vocoder,0.5512895562700701,0.5395037504026999,1.0,0.8054935984984506,0.42009368538856506,0.8874912261962891,0.5152585506439209,0.9863984760891955
92,N2_awgn10,A10_neural_vocoder,0.5332803085613511,0.5361163142163808,1.0,0.7830048918564447,0.37886031270027165,0.8471654653549194,0.4848700761795044,0.9955922762020855
93,C0_clean,A13_voice_conversion,0.5287997505074025,0.5375081880390378,1.0,0.8424269554027253,0.4055440932512283,1.0,0.49548661708831787,0.9792699009207665
93,C8_opus16,A13_voice_conversion,0.5453849734765699,0.5331447079136866,1.0,0.8105417821086915,0.37018331587314607,0.8672056198120117,0.5496766567230225,0.9958551238899339
93,C9_opus6,A13_voice_conversion,0.5546038754608966,0.521603211734811,1.0,0.2621354446487918,0.15,0.178100124001503,0.07321439087390899,0.5631035926200598
93,N1_awgn20,A13_voice_conversion,0.5410748338302434,0.5433993564278274,1.0,0.8179813153929401,0.4928763240575791,0.8656781911849976,0.5808218121528625,0.9915449842436074
93,N2_awgn10,A13_voice_conversion,0.5479482476631947,0.534885205263955,1.0,0.8132274828476502,0.4127329677343369,0.8521653413772583,0.5761194229125977,0.9984183980765587
94,C0_clean,A14_voice_conversion,0.5354814906963494,0.5416217964086081,1.0,0.8467894407050298,0.4055440932512283,1.0,0.4988352954387665,0.9904628402446664
94,C8_opus16,A14_voice_conversion,0.5485942845460676,0.5350210259097483,1.0,0.7781366255485096,0.37018331587314607,0.8672056198120117,0.4410902261734009,0.9964243659056155
94,C9_opus6,A14_voice_conversion,0.5548155904951176,0.525795399170515,1.0,0.26032568112435583,0.15,0.1587037891149521,0.07651502788066863,0.5796321903805814
94,N1_awgn20,A14_voice_conversion,0.5491043317242267,0.5428377291469623,1.0,0.8159520800611386,0.4092056572437287,0.8887499570846558,0.5389260053634644,0.9959143187274564
94,N2_awgn10,A14_voice_conversion,0.5433882480240612,0.5423843998775176,1.0,0.7653041610653077,0.39548493027687076,0.8620493412017822,0.40324515104293823,0.9983695975723781
95,C0_clean,A16_voice_conversion,0.5433373039081966,0.5339395505403087,1.0,0.8587913706368826,0.4055440932512283,1.0,0.5362256169319153,0.9930789518576932
95,C8_opus16,A16_voice_conversion,0.5440193765714095,0.5405960213398466,1.0,0.8071274602408116,0.37018328309059145,0.8672056198120117,0.5417538285255432,0.9923968791944803
95,C9_opus6,A16_voice_conversion,0.5517577214113507,0.5289050354117311,1.0,0.26815159472943717,0.15,0.16848160326480865,0.07401175796985626,0.5951847534418561
95,N1_awgn20,A16_voice_conversion,0.5466266907813057,0.5349337766746769,1.0,0.7665704457692935,0.4643307536840439,0.8805208802223206,0.39141741394996643,0.9897895649845841
95,N2_awgn10,A16_voice_conversion,0.5443417792659127,0.5382706207858278,1.0,0.7926431676207848,0.39988330006599426,0.8659061193466187,0.4955279231071472,0.9920744764999772
96,C0_clean,A17_hybrid_tts,0.5425655289908804,0.5387022666120804,1.0,0.8422867027666376,0.4055440932512283,1.0,0.4782707393169403,0.9960182699051852
96,C8_opus16,A17_hybrid_tts,0.5457327250238251,0.5326669188860172,1.0,0.8077327022451993,0.37018331587314607,0.8672056198120117,0.5369827151298523,0.9991854659381298
96,C9_opus6,A17_hybrid_tts,0.5597428561808662,0.5216216631638088,1.0,0.2801004760838679,0.15,0.17770233750343323,0.08315122425556183,0.6135805793527536
96,N1_awgn20,A17_hybrid_tts,0.5377826551343254,0.5381231494785934,1.0,0.79097589277661,0.44671326875686646,0.8831912875175476,0.4677625298500061,0.9912353960486302
96,N2_awgn10,A17_hybrid_tts,0.5419672575910341,0.5285195201633757,1.0,0.7513924984749034,0.40789001286029813,0.8275702595710754,0.4057946503162384,0.9954199985053389
97,C0_clean,A18_hybrid_tts,0.535680243892896,0.5421415648123675,1.0,0.8624004062804456,0.4055440932512283,1.0,0.5525506138801575,0.9887840737213279
97,C8_opus16,A18_hybrid_tts,0.5471682337162688,0.5384163665660985,1.0,0.8103003298844962,0.37018364369869233,0.8672056198120117,0.5449990034103394,0.9997279364552993
97,C9_opus6,A18_hybrid_tts,0.5559824292315689,0.523523722968047,1.0,0.2796787000586302,0.15,0.15867310762405396,0.07422305792570114,0.6464751321043276
97,N1_awgn20,A18_hybrid_tts,0.5432881903383261,0.54277964272426,1.0,0.7930953528227935,0.4137855917215348,0.895182728767395,0.45368218421936035,0.996392020166758
97,N2_awgn10,A18_hybrid_tts,0.5440164672527631,0.5419366712930664,1.0,0.7952975500008233,0.3984236985445023,0.8465720415115356,0.525108814239502,0.997120297081195
98,C0_clean,A19_hybrid_tts,0.5367296215843629,0.5308468355157178,1.0,0.8580079126243311,0.4055440664291382,1.0,0.5339388251304626,0.9927542169506409
98,C8_opus16,A19_hybrid_tts,0.5495241803295746,0.5366568698231018,1.0,0.798550847595906,0.37018331587314607,0.8672056198120117,0.5256023406982422,0.9799596582054292
98,C9_opus6,A19_hybrid_tts,0.5627251731689357,0.532131736120021,1.0,0.2601495069026529,0.15,0.16919147968292236,0.08215313851833343,0.55942324491328
98,N1_awgn20,A19_hybrid_tts,0.5373716603947225,0.5379516575388079,1.0,0.8154085393349524,0.40803457200527193,0.8900424838066101,0.5391929745674133,0.9921121781402813
98,N2_awgn10,A19_hybrid_tts,0.5307122106073314,0.5393951910167297,1.0,0.7912794262721692,0.38564635813236237,0.8637009859085083,0.48722514510154724,0.9987716279276724
99,C0_clean,A07_neural_vocoder,0.5430557182732477,0.5514544196203939,1.0,0.8720014030329789,0.4055440932512283,1.0,0.5739989876747131,0.9993390224352166
99,C8_opus16,A07_neural_vocoder,0.5421282373437483,0.5364223291426548,1.0,0.7980240122449586,0.37018331587314607,0.8672056198120117,0.5053943395614624,0.9984115415057171
99,C9_opus6,A07_neural_vocoder,0.5565337579417142,0.5211345469504575,1.0,0.258437523179811,0.15,0.16405290365219116,0.07041804492473602,0.5723031608050457
99,N1_awgn20,A07_neural_vocoder,0.5419150530866399,0.5301458171800617,1.0,0.7817681303692772,0.39888654351234437,0.8834709525108337,0.42973414063453674,0.9981983572486087
99,N2_awgn10,A07_neural_vocoder,0.543484497529855,0.5296399437374929,1.0,0.7999017600803773,0.3834850162267685,0.8463850617408752,0.5380579829216003,0.9997678016918238
