sample_idx,condition,deletion_auc,insertion_auc,score,ecs,stability,spectral_alignment,faithfulness_preservation
0,C0_clean,0.3726158186793327,0.3741169139742851,0.3747435212135315,0.8893543005005091,1.0,0.631181001668364,1.0
1,C0_clean,0.37259399592876435,0.37414666414260866,0.3746128976345062,0.8908724556132253,0.9999999403953552,0.6362415981836103,1.0
2,C0_clean,0.3727835029363632,0.3739778965711594,0.37454697489738464,0.8909596114245029,1.0000001192092896,0.6365318791359564,1.0
3,C0_clean,0.37274683117866514,0.3739010363817215,0.37419113516807556,0.8908601585838312,0.9999999403953552,0.6362006080856306,1.0
4,C0_clean,0.3727943807840347,0.37406240701675414,0.37478581070899963,0.8892280045856562,1.0,0.6307600152855204,1.0
5,C0_clean,0.37259850054979327,0.37426327019929884,0.3746769428253174,0.8900465554752468,1.0000001192092896,0.6334883593051032,1.0
6,C0_clean,0.37277134209871293,0.3742737576365471,0.3747466802597046,0.8887789299016722,0.9999999403953552,0.6292631791451002,1.0
7,C0_clean,0.3726350694894791,0.37411842048168187,0.3746142089366913,0.8897293666556054,1.0,0.6324312221853514,1.0
8,C0_clean,0.37252341657876975,0.37413647919893267,0.3746268153190613,0.8891285257790786,1.0000001192092896,0.6304282603178762,1.0
9,C0_clean,0.3727143079042435,0.37416890263557434,0.37461981177330017,0.8906789479996078,1.0,0.6355964933320257,1.0
10,C0_clean,0.37259055227041243,0.3739815846085549,0.37451666593551636,0.8928711509973561,1.0,0.6429038366578538,1.0
11,C0_clean,0.37260018438100817,0.3741722986102104,0.3745376467704773,0.8896338360974425,1.0,0.6321127869914751,1.0
12,C0_clean,0.37265882045030596,0.37411872595548634,0.3746052384376526,0.8910087765810966,1.0,0.6366959219369884,1.0
13,C0_clean,0.3725599601864815,0.3741598829627037,0.37462759017944336,0.8909489811190303,1.0,0.6364966037301011,1.0
14,C0_clean,0.37274184823036194,0.37424637377262115,0.3747117221355438,0.892083641406002,1.0,0.6402788046866732,1.0
15,C0_clean,0.3726296380162239,0.3744474276900292,0.37504351139068604,0.8889366192065449,0.9999999403953552,0.6297888101613427,1.0
16,C0_clean,0.3727438226342201,0.3741000667214393,0.3745669722557068,0.8914355832993508,1.0,0.6381186109978362,1.0
17,C0_clean,0.3727235436439514,0.37391057014465334,0.3745270073413849,0.890849200924104,1.0,0.6361640030803467,1.0
18,C0_clean,0.3726218089461327,0.37384459823369987,0.3744707703590393,0.8901572203587642,0.9999999403953552,0.6338574806687406,1.0
19,C0_clean,0.372740726172924,0.3741062209010124,0.3747228980064392,0.8909273667245641,1.0000001192092896,0.6364243968028276,1.0
0,C8_opus16,0.3726869210600853,0.3742578998208046,0.37287187576293945,0.8251734557284267,0.8372269868850708,0.6343466389620808,0.9999288976192474
1,C8_opus16,0.3726838886737823,0.37400272190570827,0.3722779452800751,0.8281345082779783,0.8453725576400757,0.6333748434848445,0.9999101072549821
2,C8_opus16,0.37272769510746007,0.37407012581825255,0.3727567791938782,0.8194280463010555,0.8221690058708191,0.6352572876713293,0.9999441921710969
3,C8_opus16,0.3726826459169388,0.37399153411388397,0.37290826439857483,0.8391183999742955,0.8693748712539673,0.6379590235040881,0.9999358147382736
4,C8_opus16,0.3725441187620164,0.3741587281227111,0.37288782000541687,0.8353463276220472,0.8633946180343628,0.6335451967163583,0.9997497379779816
5,C8_opus16,0.3725411251187324,0.37419141083955765,0.3723527491092682,0.8450443939494793,0.8893030285835266,0.6311346504846228,0.9999426245689391
6,C8_opus16,0.37255427688360215,0.37422818988561624,0.37284204363822937,0.8445708645435894,0.8846445083618164,0.6359272692113203,0.9997829347848892
7,C8_opus16,0.3726564049720764,0.3741302728652954,0.37267032265663147,0.8282510852367633,0.8503910899162292,0.6270034997168357,0.9999786645174027
8,C8_opus16,0.3725157454609871,0.37412947565317156,0.3723753094673157,0.8380375669427215,0.8703080415725708,0.6330555054967597,0.9999923288822173
9,C8_opus16,0.37252523899078366,0.3740567028522491,0.3721592128276825,0.8210671972675552,0.8266846537590027,0.6348335214599737,0.9998109310865402
10,C8_opus16,0.3726243004202843,0.3739457592368126,0.37280726432800293,0.8273200417491342,0.8419633507728577,0.635149419616509,0.9999662518501281
11,C8_opus16,0.3726459696888924,0.37416400760412216,0.3728972375392914,0.8357761649207032,0.8622118234634399,0.6363505704256412,0.9999542146921158
12,C8_opus16,0.37269006818532946,0.3742138877511024,0.3723117411136627,0.8269312758650542,0.8424137830734253,0.6332504565206372,0.9999687522649765
13,C8_opus16,0.37273400574922566,0.37402373701333996,0.37267202138900757,0.829673169093464,0.8498280644416809,0.6326471899520498,0.9998259544372559
14,C8_opus16,0.3727462500333786,0.3742504328489304,0.37280595302581787,0.8319512635441807,0.8555908799171448,0.6323874403940928,0.9999955981969834
15,C8_opus16,0.37269124239683155,0.3745488032698631,0.3726400136947632,0.8386133071226665,0.8770982027053833,0.6259750245156515,0.9999383956193924
16,C8_opus16,0.3726544424891472,0.3741030558943748,0.3727862536907196,0.8310213457540605,0.8548423051834106,0.6303707924140608,0.999910619854927
17,C8_opus16,0.3726867765188217,0.37389411628246305,0.37238821387290955,0.8327764271750655,0.8636048436164856,0.6244850662200341,0.9999632328748703
18,C8_opus16,0.3727604851126671,0.37380636781454085,0.37269920110702515,0.825843503337709,0.8407854437828064,0.6319030955818223,0.9998613238334657
19,C8_opus16,0.37260332256555556,0.3741727069020272,0.3723081052303314,0.8315255236197211,0.8553069233894348,0.6314799178205257,0.9998625963926315
0,C9_opus6,0.37220932990312583,0.37461003512144087,0.5,0.2998780533671379,0.0,0.0,0.9995935112237931
1,C9_opus6,0.3722026735544205,0.3744859427213669,0.5,0.29988260328769684,0.0,0.0,0.9996086776256561
2,C9_opus6,0.37219940721988676,0.37442331612110136,0.5,0.2998247712850571,0.0,0.0,0.9994159042835236
3,C9_opus6,0.37218175232410433,0.37408526837825773,0.5,0.29983047634363175,0.0,0.0,0.9994349211454392
4,C9_opus6,0.3722116410732269,0.3746502101421356,0.5,0.2998251780867576,0.0,0.0,0.9994172602891922
5,C9_opus6,0.37220592945814135,0.37454678565263744,0.5,0.2998822286725044,0.0,0.0,0.9996074289083481
6,C9_opus6,0.3722089156508446,0.3746130362153053,0.5,0.2998312720656395,0.0,0.0,0.9994375735521317
7,C9_opus6,0.37220246195793155,0.37448718845844264,0.5,0.29987021774053574,0.0,0.0,0.9995673924684525
8,C9_opus6,0.37220339030027394,0.3744991645216942,0.5,0.29990399211645125,0.0,0.0,0.9996799737215042
9,C9_opus6,0.37220264673233033,0.37449251115322113,0.5,0.299846501648426,0.0,0.0,0.9994883388280869
10,C9_opus6,0.37219788283109667,0.37439452260732653,0.5,0.2998821991682053,0.0,0.0,0.9996073305606843
11,C9_opus6,0.372198997437954,0.37441445440053944,0.5,0.2998796439170837,0.0,0.0,0.9995988130569458
12,C9_opus6,0.372202442586422,0.3744786664843559,0.5,0.2998630866408348,0.0,0.0,0.999543622136116
13,C9_opus6,0.3722034350037575,0.37449990063905714,0.5,0.2998930424451828,0.0,0.0,0.999643474817276
14,C9_opus6,0.3722072571516037,0.3745798259973526,0.5,0.29983962267637254,0.0,0.0,0.9994654089212418
15,C9_opus6,0.37222423404455185,0.3748950257897377,0.5,0.2998783788084984,0.0,0.0,0.9995945960283279
16,C9_opus6,0.3722005739808083,0.37444231361150737,0.5,0.29983702540397644,0.0,0.0,0.9994567513465882
17,C9_opus6,0.37219820022583006,0.3744043469429016,0.5,0.29984239697456355,0.0,0.0,0.9994746565818786
18,C9_opus6,0.37219557017087934,0.37435092180967333,0.5,0.299872128367424,0.0,0.0,0.9995737612247466
19,C9_opus6,0.37220791429281236,0.37459044307470324,0.5,0.2998401564359665,0.0,0.0,0.9994671881198884
0,N1_awgn20,0.3726055607199669,0.3741357639431953,0.37469974160194397,0.8707796992483836,0.9520148038864136,0.6332561836054261,0.9999897420406343
1,N1_awgn20,0.3726189136505127,0.3740012049674988,0.37470313906669617,0.8662963923202491,0.9405519366264343,0.6336103099539996,0.9999750822782516
2,N1_awgn20,0.37269774675369255,0.3740688502788544,0.37448352575302124,0.8672380901021095,0.9389079213142395,0.6390021614373831,0.9999142438173294
3,N1_awgn20,0.3726994454860687,0.37388215065002445,0.3741379976272583,0.8698229733854839,0.9492381811141968,0.6338063888252805,0.9999526143074036
4,N1_awgn20,0.37270223498344424,0.3740342378616333,0.374834269285202,0.8701938880846001,0.9527066349983215,0.6304629260848289,0.9999078541994095
5,N1_awgn20,0.372676281630993,0.37409421652555463,0.3747093975543976,0.8661767109454924,0.9404819011688232,0.6333576160077433,0.9999222189188003
6,N1_awgn20,0.37265264540910714,0.3742948159575462,0.3746732771396637,0.8692450833793771,0.9475285410881042,0.6342309198367239,0.9998813033103942
7,N1_awgn20,0.3728062748908996,0.37412531375885005,0.3746267855167389,0.8710146915371592,0.9548414945602417,0.6304315177782951,0.9998287945985795
8,N1_awgn20,0.37255493849515914,0.37411990612745283,0.37457650899887085,0.8663429723843352,0.936669647693634,0.6389485662726615,0.9999684780836107
9,N1_awgn20,0.3726538270711899,0.3741595357656479,0.374674528837204,0.8682522267722059,0.9457715749740601,0.6332058034416596,0.9999395191669465
10,N1_awgn20,0.372706763446331,0.37391478270292283,0.37459760904312134,0.8622763232685249,0.9259672164916992,0.639747666748736,0.9998837888240815
11,N1_awgn20,0.3727005079388619,0.37394106239080427,0.3745710253715515,0.8726200808316558,0.9515712857246399,0.6400722120305196,0.9998996764421463
12,N1_awgn20,0.3726303979754448,0.3742131605744362,0.3746175169944763,0.8726544959284268,0.951217532157898,0.6405866993590867,0.9999715775251388
13,N1_awgn20,0.3726029559969902,0.37412943691015244,0.3746783435344696,0.8702078693059417,0.9496004581451416,0.634601949303459,0.9999570041894913
14,N1_awgn20,0.37268165349960336,0.3741726011037827,0.37452250719070435,0.8728271571777394,0.9523457288742065,0.6396897468242813,0.9999398052692414
15,N1_awgn20,0.37269029766321177,0.37440920919179926,0.37490788102149963,0.8711444377485382,0.951158881187439,0.6356636105588633,0.9999393403530121
16,N1_awgn20,0.37254932671785357,0.3740810468792915,0.3745311200618744,0.8681532196063604,0.9466123580932617,0.6318887504798855,0.9998055040836334
17,N1_awgn20,0.3726138144731522,0.37396263480186465,0.37459662556648254,0.8718944442131351,0.9520562291145325,0.6370162377285393,0.9998902708292008
18,N1_awgn20,0.37255274206399924,0.3739532724022866,0.3738577961921692,0.8659384778221448,0.9369242787361145,0.6372982879744635,0.9999309331178665
19,N1_awgn20,0.37270303517580033,0.37416018992662436,0.3744618892669678,0.874866902408764,0.9603410959243774,0.6358059044605001,0.9999623090028764
0,N2_awgn10,0.3726377561688423,0.3740770921111107,0.3748185336589813,0.8308914034645699,0.8467567563056946,0.6406509406304831,0.9999780625104904
1,N2_awgn10,0.3725684076547623,0.3741522967815399,0.37474122643470764,0.8487450082210134,0.8982199430465698,0.6315490249486204,0.9999744117259979
2,N2_awgn10,0.37274056673049927,0.3740386784076691,0.37477314472198486,0.845835583510776,0.8861436247825623,0.6379700481983676,0.9999570637941361
3,N2_awgn10,0.37260190546512606,0.37392458021640773,0.37463778257369995,0.8498277380166205,0.9017266035079956,0.6306019144249466,0.9998550742864609
4,N2_awgn10,0.37267121374607093,0.3741447508335114,0.3748956322669983,0.8546575091878874,0.9112852811813354,0.6339344894224745,0.9998768329620362
5,N2_awgn10,0.3726478680968284,0.3741104736924171,0.37502509355545044,0.8492778076599492,0.8910347819328308,0.6429290171697578,0.9999506324529648
6,N2_awgn10,0.3726157650351525,0.3742267861962318,0.37481722235679626,0.8452719899595293,0.8879384398460388,0.63381095713394,0.9998444229364396
7,N2_awgn10,0.37278900146484373,0.3740970939397812,0.3747512102127075,0.8380458247795184,0.8682626485824585,0.6359564831304815,0.9998460680246354
8,N2_awgn10,0.3726486936211586,0.3740994825959206,0.3746049404144287,0.8501427673800636,0.893047571182251,0.6432044067329328,0.9998747229576112
9,N2_awgn10,0.3726595044136047,0.3740299433469773,0.37432900071144104,0.8412854955203473,0.8756017684936523,0.6368707639002597,0.9999451965093612
10,N2_awgn10,0.37277012318372726,0.37391522973775865,0.37471115589141846,0.8403552797166739,0.873274564743042,0.6369977503115051,0.9998204290866852
11,N2_awgn10,0.37265968471765526,0.37406202107667924,0.37473064661026,0.8539570291333372,0.9096125960350037,0.6337661360677661,0.999940499663353
12,N2_awgn10,0.3725881680846215,0.37414702922105786,0.3748471438884735,0.8480759370336781,0.8964295983314514,0.6317509780360097,0.9999293476343155
13,N2_awgn10,0.3726927652955055,0.3739669427275658,0.3748737573623657,0.8475210435934928,0.8947163224220276,0.6322478538579629,0.9998671948909761
14,N2_awgn10,0.37267064154148105,0.3741157203912735,0.3746902346611023,0.8450144621166757,0.8881806135177612,0.6325452623874517,0.9999287933111192
15,N2_awgn10,0.37278173118829727,0.3743172064423561,0.37520790100097656,0.8323460571530654,0.8611226677894592,0.6264753932963456,0.9998479068279267
16,N2_awgn10,0.37258232980966566,0.3741685673594475,0.37471139430999756,0.8564370599540057,0.9105687737464905,0.6408599943425862,0.9998385071754455
17,N2_awgn10,0.3727540224790573,0.3741062104701996,0.3747110664844513,0.8530002926921246,0.9083005785942078,0.6322973496832444,0.999969521164894
18,N2_awgn10,0.37251953333616256,0.3738163426518441,0.3746718168258667,0.8346567232335564,0.8599057793617249,0.6357503139061919,0.9998977243900298
19,N2_awgn10,0.3726770803332329,0.3741506144404412,0.3747076094150543,0.8431161354369694,0.883084237575531,0.6330051138622146,0.9999363541603089
