utt_idx,split,condition,label,attack_type,score,prob,pred_label,es,sba,fp,ecs,trusted
0,train,C0_clean,0,bonafide,-0.01655685342848301,0.49586087465286255,0,0.9999997019767761,0.7108240127563477,0.9959868566120449,0.9120431416012282,1
0,train,C8_opus16,0,bonafide,-0.016462627798318863,0.4958844482898712,0,0.8954790234565735,0.7157756686210632,0.993195681697784,0.8708830144782835,1
0,train,C9_opus6,0,bonafide,-0.016331462189555168,0.4959172010421753,0,0.8775523900985718,0.7135776877403259,0.6038288288470156,0.7462429110156312,1
0,train,N1_awgn20,0,bonafide,-0.016334500163793564,0.4959164559841156,0,0.8784549832344055,0.6964613199234009,0.9913740855652373,0.8577326149403537,1
0,train,N2_awgn10,0,bonafide,-0.014032922685146332,0.49649181962013245,0,0.8133555054664612,0.6407450437545776,0.9993145109596812,0.8173600686008622,1
1,train,C0_clean,0,bonafide,-0.01655685342848301,0.49586087465286255,0,0.9999997019767761,0.7108240127563477,0.9925080927076866,0.9109995124299208,1
1,train,C8_opus16,0,bonafide,-0.016461122781038284,0.49588483572006226,0,0.8867339491844177,0.7226206064224243,0.9940634496412141,0.8696987964928586,1
1,train,C9_opus6,0,bonafide,-0.016281764954328537,0.49592965841293335,0,0.8730528354644775,0.7260196805000305,0.6044709281442648,0.7483683167790796,1
1,train,N1_awgn20,0,bonafide,-0.01628793403506279,0.4959280788898468,0,0.8482714891433716,0.7009184956550598,0.9875246260374737,0.8458415321651087,1
1,train,N2_awgn10,0,bonafide,-0.01424853689968586,0.4964379370212555,0,0.8150346279144287,0.6369895339012146,0.9949527408468792,0.8155965335901998,1
2,train,C0_clean,0,bonafide,-0.01655685342848301,0.49586087465286255,0,0.9999997019767761,0.7108240127563477,0.9982752187469465,0.9127296502416987,1
2,train,C8_opus16,0,bonafide,-0.016464482992887497,0.495883971452713,0,0.8811389207839966,0.7200824022293091,0.9922828495583856,0.866165143849907,1
2,train,C9_opus6,0,bonafide,-0.016346104443073273,0.4959135353565216,0,0.8719736933708191,0.7270256876945496,0.5980847025467677,0.7463225944207228,1
2,train,N1_awgn20,0,bonafide,-0.01644139364361763,0.49588972330093384,0,0.8592708706855774,0.7035747766494751,0.9925223837646291,0.8525374963984622,1
2,train,N2_awgn10,0,bonafide,-0.01396351307630539,0.4965091645717621,0,0.7937983870506287,0.6418927907943726,0.9934149474636548,0.8081116762976597,1
3,train,C0_clean,0,bonafide,-0.01655685342848301,0.49586087465286255,0,0.9999997019767761,0.7108239531517029,1.001879426366507,0.9138108946461734,1
3,train,C8_opus16,0,bonafide,-0.016461096704006195,0.49588483572006226,0,0.8879444003105164,0.7187642455101013,0.9937434545070185,0.8689300701293425,1
3,train,C9_opus6,0,bonafide,-0.016365427523851395,0.4959087371826172,0,0.8639925122261047,0.7171629667282104,0.5989859246585397,0.740441672306467,1
3,train,N1_awgn20,0,bonafide,-0.016490116715431213,0.49587756395339966,0,0.8656764030456543,0.6934669613838196,0.9959245708770688,0.8530880208965281,1
3,train,N2_awgn10,0,bonafide,-0.013804346323013306,0.49654898047447205,0,0.8514076471328735,0.6369965672492981,0.9944881086736784,0.8300084616300423,1
4,train,C0_clean,0,bonafide,-0.01655685342848301,0.49586087465286255,0,0.9999997019767761,0.7108240127563477,0.9938609225733197,0.9114053613896107,1
4,train,C8_opus16,0,bonafide,-0.016458140686154366,0.49588555097579956,0,0.8994069695472717,0.7232149839401245,0.9942846590657257,0.8750126807206637,1
4,train,C9_opus6,0,bonafide,-0.016294844448566437,0.4959263801574707,0,0.8736200332641602,0.7128303647041321,0.5989237262806862,0.7429742406011095,1
4,train,N1_awgn20,0,bonafide,-0.016351599246263504,0.49591219425201416,0,0.8585606217384338,0.6884471774101257,0.9908566635418733,0.8472154009809733,1
4,train,N2_awgn10,0,bonafide,-0.014116283506155014,0.49647098779678345,0,0.8229525685310364,0.6321271061897278,0.9961659623236223,0.8176689479664195,1
5,train,C0_clean,0,bonafide,-0.01655685342848301,0.49586087465286255,0,0.9999997019767761,0.7108239531517029,1.0054204269702924,0.914873194827309,1
5,train,C8_opus16,0,bonafide,-0.016462091356515884,0.49588456749916077,0,0.8798694014549255,0.7190389037132263,0.9911544756760002,0.8650057743987383,1
5,train,C9_opus6,0,bonafide,-0.016293808817863464,0.4959266483783722,0,0.8841257095336914,0.7238481044769287,0.5990225085598486,0.7505114677245097,1
5,train,N1_awgn20,0,bonafide,-0.01632314920425415,0.4959193170070648,0,0.8716978430747986,0.6971679925918579,0.9907356976775652,0.8550502443107464,1
5,train,N2_awgn10,0,bonafide,-0.014019548892974854,0.49649515748023987,0,0.808125376701355,0.6400623917579651,0.9967265452474927,0.8142868317821794,1
6,train,C0_clean,0,bonafide,-0.01655685342848301,0.49586087465286255,0,0.9999997019767761,0.7108240127563477,0.9960893836867379,0.9120738997236362,1
6,train,C8_opus16,0,bonafide,-0.016461098566651344,0.49588483572006226,0,0.8857912421226501,0.7156789302825928,0.9936838670921732,0.8671253360614899,1
6,train,C9_opus6,0,bonafide,-0.016348492354154587,0.49591296911239624,0,0.8629702925682068,0.7169632911682129,0.6041484709107581,0.741521645650974,1
6,train,N1_awgn20,0,bonafide,-0.016401370987296104,0.4958997368812561,0,0.8732655644416809,0.7009961009025574,0.994526398971071,0.8579629757387609,1
6,train,N2_awgn10,0,bonafide,-0.01412610337138176,0.49646854400634766,0,0.8160492777824402,0.6396650671958923,0.9996025714618917,0.8182000027103112,1
7,train,C0_clean,0,bonafide,-0.01655685342848301,0.49586087465286255,0,0.9999997019767761,0.7108239531517029,0.9962402124944525,0.9121191304845571,1
7,train,C8_opus16,0,bonafide,-0.016455093398690224,0.49588632583618164,0,0.8962224721908569,0.7178865671157837,1.0017132041923682,0.8743689202687883,1
7,train,C9_opus6,0,bonafide,-0.016289478167891502,0.49592772126197815,0,0.8895776867866516,0.722004771232605,0.5935436523100551,0.7504956017774587,1
7,train,N1_awgn20,0,bonafide,-0.01639799401164055,0.49590057134628296,0,0.8722805976867676,0.6952095031738281,0.9926775649828886,0.855278359521722,1
7,train,N2_awgn10,0,bonafide,-0.014092054218053818,0.49647706747055054,0,0.7979574203491211,0.6382210850715637,0.9969317511647309,0.8097288190105367,1
8,train,C0_clean,0,bonafide,-0.01655685342848301,0.49586087465286255,0,0.9999997019767761,0.7108239531517029,0.9931374656473996,0.9111883064304411,1
8,train,C8_opus16,0,bonafide,-0.01646270602941513,0.49588441848754883,0,0.8996500372886658,0.715304970741272,0.9873180504106,0.8706469212610279,1
8,train,C9_opus6,0,bonafide,-0.016283560544252396,0.49592921137809753,0,0.8830164670944214,0.7156185507774353,0.5993360929068439,0.7476929799430523,1
8,train,N1_awgn20,0,bonafide,-0.01631740666925907,0.49592071771621704,0,0.876946210861206,0.6884188055992126,0.9948918218953826,0.855771672592861,1
8,train,N2_awgn10,0,bonafide,-0.013819478452205658,0.4965451955795288,0,0.8530827164649963,0.6474454402923584,0.9946464073601011,0.8338606408817364,1
9,train,C0_clean,0,bonafide,-0.01655685342848301,0.49586087465286255,0,0.9999997019767761,0.7108240127563477,0.9919740928779384,0.9108393124809964,1
9,train,C8_opus16,0,bonafide,-0.016469061374664307,0.4958828389644623,0,0.8924556970596313,0.7270559072494507,0.9971737279134442,0.874251169372721,1
9,train,C9_opus6,0,bonafide,-0.01634138450026512,0.4959147572517395,0,0.8699091672897339,0.7249059081077576,0.5956942166592704,0.744143704346002,1
9,train,N1_awgn20,0,bonafide,-0.01632789522409439,0.4959180951118469,0,0.8677035570144653,0.6962714195251465,0.9938931903738906,0.8541308057754973,1
9,train,N2_awgn10,0,bonafide,-0.013787835836410522,0.49655309319496155,0,0.7609647512435913,0.6427672505378723,0.994513654643227,0.7955701720517663,1
10,train,C0_clean,0,bonafide,-0.01655685342848301,0.49586087465286255,0,0.9999997019767761,0.7108239531517029,0.999429145211876,0.913075810299784,1
10,train,C8_opus16,0,bonafide,-0.016460269689559937,0.4958850145339966,0,0.8861465454101562,0.7210761904716492,0.9908865788842226,0.8680474489708241,1
10,train,C9_opus6,0,bonafide,-0.01634170301258564,0.49591463804244995,0,0.8739219903945923,0.7250714898109436,0.5996676687311412,0.7469905437204624,1
10,train,N1_awgn20,0,bonafide,-0.01634244993329048,0.4959144592285156,0,0.8752025961875916,0.6987800002098083,0.9973826132235885,0.8589298225050557,1
10,train,N2_awgn10,0,bonafide,-0.013736072927713394,0.4965660274028778,0,0.8148152232170105,0.6354500651359558,0.9922944749597021,0.8142494513155016,1
11,train,C0_clean,0,bonafide,-0.01655685342848301,0.49586087465286255,0,0.9999997019767761,0.7108239531517029,0.9938106410406456,0.911390259048415,1
11,train,C8_opus16,0,bonafide,-0.01645970344543457,0.4958851635456085,0,0.8862141370773315,0.7196891903877258,0.9942550071202643,0.8686689140833296,1
11,train,C9_opus6,0,bonafide,-0.016292203217744827,0.49592703580856323,0,0.8693835139274597,0.7193041443824768,0.5954084686903557,0.7421671894928337,1
11,train,N1_awgn20,0,bonafide,-0.01633620262145996,0.4959160387516022,0,0.8604096174240112,0.6987936496734619,0.9924083410151011,0.8515244441761735,1
11,train,N2_awgn10,0,bonafide,-0.013648532330989838,0.4965879023075104,0,0.8273977041244507,0.6382655501365662,0.9982374060013803,0.8219099684911642,1
12,train,C0_clean,0,bonafide,-0.01655685342848301,0.49586087465286255,0,0.9999997019767761,0.7108239531517029,0.9901279778415812,0.9102854600886956,1
12,train,C8_opus16,0,bonafide,-0.01645534113049507,0.49588626623153687,0,0.8919862508773804,0.7137524485588074,0.9929408037817324,0.8688024760531141,1
12,train,C9_opus6,0,bonafide,-0.016337912529706955,0.49591562151908875,0,0.881497859954834,0.7167044281959534,0.5992557234614072,0.7473871894791417,1
12,train,N1_awgn20,0,bonafide,-0.016443850472569466,0.4958891272544861,0,0.8721157908439636,0.6871578097343445,0.9930665685224713,0.8529136298146303,1
12,train,N2_awgn10,0,bonafide,-0.013957066461443901,0.4965108036994934,0,0.8054447174072266,0.6394838690757751,0.993116684169052,0.8119580529363387,1
13,train,C0_clean,0,bonafide,-0.01655685342848301,0.49586087465286255,0,0.9999997019767761,0.7108240127563477,0.9957148672699344,0.9119615447985951,1
13,train,C8_opus16,0,bonafide,-0.016457851976156235,0.49588561058044434,0,0.891616940498352,0.7162958979606628,1.0043805815721358,0.8728497200591805,1
13,train,C9_opus6,0,bonafide,-0.01634334959089756,0.4959142506122589,0,0.8754441738128662,0.7320129871368408,0.6026878428073684,0.7505879185084092,1
13,train,N1_awgn20,0,bonafide,-0.016412805765867233,0.4958968758583069,0,0.8669413328170776,0.6926849484443665,0.9935544891796528,0.8526483644140368,1
13,train,N2_awgn10,0,bonafide,-0.013794094324111938,0.496551513671875,0,0.8133723139762878,0.6409190893173218,0.9951203595708121,0.8161607602569553,1
14,train,C0_clean,0,bonafide,-0.01655685342848301,0.49586087465286255,0,0.9999997019767761,0.7108240127563477,0.9933279709160625,0.9112454758924335,1
14,train,C8_opus16,0,bonafide,-0.01646166853606701,0.49588465690612793,0,0.8890225887298584,0.7175218462944031,0.9901160147221026,0.8679003937968951,1
14,train,C9_opus6,0,bonafide,-0.016306092962622643,0.49592354893684387,0,0.8660904765129089,0.7190869450569153,0.6020878712960419,0.7427886355110508,1
14,train,N1_awgn20,0,bonafide,-0.016422146931290627,0.49589455127716064,0,0.8835815787315369,0.7014235258102417,1.0042711472225967,0.8651410334024663,1
14,train,N2_awgn10,0,bonafide,-0.01398547925055027,0.49650368094444275,0,0.8371288180351257,0.6372973322868347,0.9901446475838562,0.8230841211752575,1
15,train,C0_clean,0,bonafide,-0.01655685342848301,0.49586087465286255,0,0.9999997019767761,0.7108240127563477,0.9981556215850637,0.9126937710931339,1
15,train,C8_opus16,0,bonafide,-0.016457173973321915,0.49588578939437866,0,0.8868144154548645,0.7190994024276733,0.9891722964996781,0.8672072758601512,1
15,train,C9_opus6,0,bonafide,-0.016343634575605392,0.49591419100761414,0,0.8807195425033569,0.7245006561279297,0.5948542694310619,0.7480942946690402,1
15,train,N1_awgn20,0,bonafide,-0.01640142872929573,0.4958997368812561,0,0.876395583152771,0.699705183506012,0.9903527488104032,0.8575756129560329,1
15,train,N2_awgn10,0,bonafide,-0.013949152082204819,0.496512770652771,0,0.8262860178947449,0.6474904417991638,0.9950042751324142,0.8232628222373715,1
16,train,C0_clean,0,bonafide,-0.01655685342848301,0.49586087465286255,0,0.9999997019767761,0.7108240127563477,0.9961619911372006,0.9120956819587749,1
16,train,C8_opus16,0,bonafide,-0.01645645685493946,0.495885968208313,0,0.8908485770225525,0.7175912261009216,0.9902612887857455,0.8686951852750211,1
16,train,C9_opus6,0,bonafide,-0.016287485137581825,0.49592819809913635,0,0.8806137442588806,0.721398651599884,0.602953406931174,0.7495511152628698,1
16,train,N1_awgn20,0,bonafide,-0.016414150595664978,0.49589651823043823,0,0.8605431914329529,0.6895212531089783,0.9930343792156169,0.8489839662705598,1
16,train,N2_awgn10,0,bonafide,-0.01384342834353447,0.4965392053127289,0,0.8437752723693848,0.6428231000900269,0.9973781084116666,0.8295704714982619,1
17,train,C0_clean,0,bonafide,-0.01655685342848301,0.49586087465286255,0,0.9999997019767761,0.7108240127563477,0.9954646659748253,0.9118864844100624,1
17,train,C8_opus16,0,bonafide,-0.016460038721561432,0.49588507413864136,0,0.8838562369346619,0.7207964658737183,0.996290853714951,0.8686686906504656,1
17,train,C9_opus6,0,bonafide,-0.016338933259248734,0.49591535329818726,0,0.8829396963119507,0.7220519185066223,0.5994243275090215,0.7496187523294735,1
17,train,N1_awgn20,0,bonafide,-0.01628364436328411,0.49592918157577515,0,0.8713158369064331,0.6945474147796631,0.9941770124546526,0.855143662932868,1
17,train,N2_awgn10,0,bonafide,-0.01400100626051426,0.49649980664253235,0,0.8223161697387695,0.6348243355751038,0.9929711470544541,0.8172651126843752,1
18,train,C0_clean,0,bonafide,-0.01655685342848301,0.49586087465286255,0,0.9999997019767761,0.7108239531517029,0.9875131339663726,0.9095010069261331,1
18,train,C8_opus16,0,bonafide,-0.016460532322525978,0.4958849549293518,0,0.8894444704055786,0.7199797630310059,0.9974971417945014,0.8710208596098837,1
18,train,C9_opus6,0,bonafide,-0.01630694419145584,0.49592337012290955,0,0.8686922788619995,0.7200501561164856,0.5953488420966877,0.7420966110087518,1
18,train,N1_awgn20,0,bonafide,-0.016445299610495567,0.49588876962661743,0,0.8806240558624268,0.6944312453269958,0.9940683213372238,0.8587994923442366,1
18,train,N2_awgn10,0,bonafide,-0.014018621295690536,0.49649539589881897,0,0.8500193357467651,0.6401588320732117,0.9906856729179375,0.8292610857960507,1
19,train,C0_clean,0,bonafide,-0.01655685342848301,0.49586087465286255,0,0.9999997019767761,0.7108239531517029,0.9896482723675167,0.9101415484464763,1
19,train,C8_opus16,0,bonafide,-0.016464844346046448,0.49588385224342346,0,0.888859212398529,0.720577597618103,0.9931464502225804,0.8696608993116166,1
19,train,C9_opus6,0,bonafide,-0.016352396458387375,0.49591198563575745,0,0.8750736117362976,0.7239242792129517,0.6023322102541891,0.7479063915346613,1
19,train,N1_awgn20,0,bonafide,-0.016478218138217926,0.49588051438331604,0,0.8545593023300171,0.6989201307296753,0.9905153288140086,0.848654358795112,1
19,train,N2_awgn10,0,bonafide,-0.014040626585483551,0.49648988246917725,0,0.8432577848434448,0.6432042717933655,0.9941119280768759,0.8284979738984504,1
20,train,C0_clean,0,bonafide,-0.01655685342848301,0.49586087465286255,0,0.9999997019767761,0.7108240127563477,0.9987345696670051,0.9128674555177163,1
20,train,C8_opus16,0,bonafide,-0.01645638234913349,0.495885968208313,0,0.8857751488685608,0.7171527743339539,0.9984719949657457,0.8689974903373341,1
20,train,C9_opus6,0,bonafide,-0.01633347198367119,0.4959167242050171,0,0.8724873065948486,0.7205072045326233,0.6014557982912629,0.7455838234851053,1
20,train,N1_awgn20,0,bonafide,-0.016247041523456573,0.49593833088874817,0,0.8647216558456421,0.7052565217018127,0.9915867237108782,0.8549416359620642,1
20,train,N2_awgn10,0,bonafide,-0.013768266886472702,0.49655798077583313,0,0.8434983491897583,0.6374977827072144,0.9879343954392268,0.8250289931198356,1
21,train,C0_clean,0,bonafide,-0.01655685342848301,0.49586087465286255,0,0.9999997019767761,0.7108239531517029,0.9917170121552121,0.910762170382785,1
21,train,C8_opus16,0,bonafide,-0.016457270830869675,0.49588578939437866,0,0.8984023332595825,0.7160770893096924,0.9983273058330138,0.8736822518466448,1
21,train,C9_opus6,0,bonafide,-0.016292493790388107,0.49592697620391846,0,0.8812394738197327,0.7163721323013306,0.6041028980804035,0.7486382986424133,1
21,train,N1_awgn20,0,bonafide,-0.01641232520341873,0.49589699506759644,0,0.880924642086029,0.6973381042480469,0.9936267758497964,0.8596593208637646,1
21,train,N2_awgn10,0,bonafide,-0.013711456209421158,0.49657219648361206,0,0.8419612646102905,0.6400021910667419,0.9968689659924627,0.8278458529618776,1
22,train,C0_clean,0,bonafide,-0.01655685342848301,0.49586087465286255,0,0.9999997019767761,0.7108240127563477,0.9889378046215189,0.9099284260040705,1
22,train,C8_opus16,0,bonafide,-0.016460318118333817,0.4958850145339966,0,0.891531229019165,0.7190297842025757,0.9954165846967664,0.8709464022774687,1
22,train,C9_opus6,0,bonafide,-0.016350500285625458,0.49591246247291565,0,0.8802217245101929,0.719670832157135,0.6034280926999498,0.7490183672612026,1
22,train,N1_awgn20,0,bonafide,-0.016424007713794708,0.49589410424232483,0,0.8634214997291565,0.699133038520813,0.9954234333802461,0.8537355414619803,1
22,train,N2_awgn10,0,bonafide,-0.013911433517932892,0.4965222179889679,0,0.8208432197570801,0.6307233572006226,0.9902798474342016,0.8146382492932793,1
23,train,C0_clean,0,bonafide,-0.01655685342848301,0.49586087465286255,0,0.9999997019767761,0.7108240127563477,0.9943296642733698,0.9115459838996257,1
23,train,C8_opus16,0,bonafide,-0.016457751393318176,0.4958856701850891,0,0.8863900303840637,0.723366916179657,0.988957150138757,0.8682532320491497,1
23,train,C9_opus6,0,bonafide,-0.016354378312826157,0.49591147899627686,0,0.878554105758667,0.7173274159431458,0.6030698051193353,0.7475408086222111,1
23,train,N1_awgn20,0,bonafide,-0.01646089181303978,0.49588489532470703,0,0.8521040678024292,0.7061804533004761,0.9957930276467117,0.851433671405128,1
23,train,N2_awgn10,0,bonafide,-0.013919733464717865,0.49652010202407837,0,0.8229404091835022,0.6319915652275085,0.9920400146445525,0.8163856376350191,1
24,train,C0_clean,0,bonafide,-0.01655685342848301,0.49586087465286255,0,0.9999997019767761,0.7108239531517029,0.9892531682382297,0.9100230172076902,1
24,train,C8_opus16,0,bonafide,-0.01646430976688862,0.4958840012550354,0,0.8890770077705383,0.7181398272514343,0.9961242782970483,0.8699100347727602,1
24,train,C9_opus6,0,bonafide,-0.016337156295776367,0.49591580033302307,0,0.8795900344848633,0.7235395312309265,0.5908709746299422,0.746159165552206,1
24,train,N1_awgn20,0,bonafide,-0.016450185328722,0.49588754773139954,0,0.87044358253479,0.6989677548408508,1.0022011003503881,0.8585280895712877,1
24,train,N2_awgn10,0,bonafide,-0.014087662100791931,0.4964781403541565,0,0.8221778273582458,0.6381750106811523,0.9973798888570996,0.8195376008047739,1
25,train,C0_clean,0,bonafide,-0.01655685342848301,0.49586087465286255,0,0.9999997019767761,0.7108238935470581,0.9955635401887724,0.9119161109114595,1
25,train,C8_opus16,0,bonafide,-0.01646016538143158,0.49588504433631897,0,0.8775998950004578,0.7131565809249878,0.9959349482382538,0.8637674167491556,1
25,train,C9_opus6,0,bonafide,-0.01631138287484646,0.4959222376346588,0,0.8753913044929504,0.7239153981208801,0.5954670558076249,0.7459712579757318,1
25,train,N1_awgn20,0,bonafide,-0.01643320545554161,0.495891809463501,0,0.8740676045417786,0.6996768116950989,0.9923535463165735,0.8572361492202131,1
25,train,N2_awgn10,0,bonafide,-0.013917479664087296,0.4965206980705261,0,0.8141331672668457,0.629672110080719,0.9989712890286544,0.8142462866395502,1
26,train,C0_clean,0,bonafide,-0.01655685342848301,0.49586087465286255,0,0.9999997019767761,0.7108240127563477,0.9883529903225218,0.9097529817143712,1
26,train,C8_opus16,0,bonafide,-0.016458848491311073,0.49588537216186523,0,0.8785703778266907,0.7204623222351074,0.9933542662247231,0.8655731276686254,1
26,train,C9_opus6,0,bonafide,-0.01634158007800579,0.4959146976470947,0,0.8882693648338318,0.7114882469177246,0.6002951392710439,0.7488427617901633,1
26,train,N1_awgn20,0,bonafide,-0.01645154319703579,0.4958871901035309,0,0.8744674921035767,0.696259617805481,0.9936325257041323,0.8567546398943147,1
26,train,N2_awgn10,0,bonafide,-0.013902448117733002,0.496524453163147,0,0.7918890118598938,0.6412641406059265,0.9965525822681978,0.8081006216061948,1
27,train,C0_clean,0,bonafide,-0.01655685342848301,0.49586087465286255,0,0.9999997019767761,0.7108240127563477,0.9937833764800785,0.9113820975616383,1
27,train,C8_opus16,0,bonafide,-0.016460642218589783,0.4958849549293518,0,0.8951460719108582,0.7193323373794556,0.9943356250203745,0.8721588174842922,1
27,train,C9_opus6,0,bonafide,-0.016340386122465134,0.4959149956703186,0,0.8863005042076111,0.7201791405677795,0.5928092044915105,0.7484167052008315,1
27,train,N1_awgn20,0,bonafide,-0.01621812954545021,0.4959455728530884,0,0.8682548999786377,0.6975593566894531,0.9987883798005258,0.8562062809384487,1
27,train,N2_awgn10,0,bonafide,-0.013922002166509628,0.4965195655822754,0,0.8445112109184265,0.6429760456085205,0.9948353431707408,0.8291479010011491,1
28,train,C0_clean,0,bonafide,-0.01655685342848301,0.49586087465286255,0,0.9999997019767761,0.7108240127563477,0.9974512027412719,0.9124824454399963,1
28,train,C8_opus16,0,bonafide,-0.016462095081806183,0.49588456749916077,0,0.8866857290267944,0.7140265107154846,0.9957687651363599,0.8676128743662712,1
28,train,C9_opus6,0,bonafide,-0.016330845654010773,0.4959173798561096,0,0.8676491975784302,0.7211184501647949,0.5979668490564023,0.7427852687977312,1
28,train,N1_awgn20,0,bonafide,-0.01647990569472313,0.4958800971508026,0,0.8719799518585205,0.6970917582511902,0.995536025255409,0.856580315795388,1
28,train,N2_awgn10,0,bonafide,-0.014202035963535309,0.4964495599269867,0,0.8361212611198425,0.6445256471633911,0.9953097683910958,0.8263991291142831,1
29,train,C0_clean,0,bonafide,-0.01655685342848301,0.49586087465286255,0,0.9999997019767761,0.7108240127563477,0.9902962011720052,0.9103359449692163,1
29,train,C8_opus16,0,bonafide,-0.016460057348012924,0.49588507413864136,0,0.8841946721076965,0.7163506150245667,0.9922748999230558,0.8662655233273653,1
29,train,C9_opus6,0,bonafide,-0.016355160623788834,0.49591130018234253,0,0.8770602345466614,0.7230329513549805,0.6007802358230909,0.747968049972086,1
29,train,N1_awgn20,0,bonafide,-0.016428451985120773,0.4958929419517517,0,0.8699734210968018,0.7011250257492065,0.9937989290557946,0.856466554880221,1
29,train,N2_awgn10,0,bonafide,-0.01425986923277378,0.49643510580062866,0,0.827374279499054,0.6336305141448975,0.9902460946299256,0.8181126944320686,1
30,train,C0_clean,0,bonafide,-0.01655685342848301,0.49586087465286255,0,0.9999997019767761,0.7108240127563477,0.9901283622406791,0.9102855932898185,1
30,train,C8_opus16,0,bonafide,-0.016457851976156235,0.49588561058044434,0,0.8927911520004272,0.7147124409675598,0.9929051835339748,0.8694017481506313,1
30,train,C9_opus6,0,bonafide,-0.016286073252558708,0.4959285855293274,0,0.8740326762199402,0.7192763686180115,0.600250890725831,0.7454712482911288,1
30,train,N1_awgn20,0,bonafide,-0.016531972214579582,0.4958670735359192,0,0.8676806688308716,0.6877673268318176,0.9947363490962136,0.8518233703107579,1
30,train,N2_awgn10,0,bonafide,-0.013988226652145386,0.49650299549102783,0,0.8346242904663086,0.636272132396698,0.990030390405379,0.8217404730271466,1
31,train,C0_clean,0,bonafide,-0.01655685342848301,0.49586087465286255,0,0.9999997019767761,0.7108240127563477,0.9922419989527834,0.9109196843034498,1
31,train,C8_opus16,0,bonafide,-0.0164601169526577,0.49588507413864136,0,0.8918426036834717,0.7179384231567383,0.9990138705124446,0.8718227295741436,1
31,train,C9_opus6,0,bonafide,-0.016348648816347122,0.49591293931007385,0,0.8820734024047852,0.7247235178947449,0.5990938383765102,0.7499745678432906,1
31,train,N1_awgn20,0,bonafide,-0.016506418585777283,0.49587351083755493,0,0.8730000853538513,0.6956798434257507,0.9934472238342663,0.8559381543195456,1
31,train,N2_awgn10,0,bonafide,-0.01373254880309105,0.49656692147254944,0,0.839262843132019,0.641628623008728,1.001308039450028,0.8285861359904345,1
32,train,C0_clean,0,bonafide,-0.01655685342848301,0.49586087465286255,0,0.9999997019767761,0.7108240127563477,0.9938227927779997,0.9113939224510147,1
32,train,C8_opus16,0,bonafide,-0.016462750732898712,0.49588441848754883,0,0.8939465284347534,0.727021336555481,1.0001882789237835,0.8757414960176808,1
32,train,C9_opus6,0,bonafide,-0.01634073257446289,0.49591490626335144,0,0.8785426616668701,0.7242424488067627,0.6004859617794225,0.7488355878426036,1
32,train,N1_awgn20,0,bonafide,-0.016306214034557343,0.49592354893684387,0,0.8646989464759827,0.6978744864463806,0.9926122175166578,0.8530255897793045,1
32,train,N2_awgn10,0,bonafide,-0.013823732733726501,0.49654412269592285,0,0.8312593698501587,0.6368349194526672,0.9952615956375027,0.8221327024671146,1
33,train,C0_clean,0,bonafide,-0.01655685342848301,0.49586087465286255,0,0.9999997019767761,0.7108240127563477,0.9971264825027092,0.9123850293684275,1
33,train,C8_opus16,0,bonafide,-0.016456201672554016,0.49588602781295776,0,0.8933427333831787,0.717508852481842,0.9996033626715489,0.8724707578992887,1
33,train,C9_opus6,0,bonafide,-0.01630827784538269,0.4959230422973633,0,0.8810880184173584,0.7159687280654907,0.6046909697081067,0.7486331166990227,1
33,train,N1_awgn20,0,bonafide,-0.01628299243748188,0.4959293603897095,0,0.8662532567977905,0.7011664509773254,0.9974040830325046,0.8560724629220653,1
33,train,N2_awgn10,0,bonafide,-0.014036212116479874,0.496491014957428,0,0.8451927304267883,0.6318797469139099,0.9915397043260669,0.8251029275427084,1
34,train,C0_clean,0,bonafide,-0.01655685342848301,0.49586087465286255,0,0.9999997019767761,0.7108239531517029,0.9933360551531192,0.9112478832821571,1
34,train,C8_opus16,0,bonafide,-0.016458168625831604,0.49588555097579956,0,0.8900593519210815,0.7149177193641663,0.9896484846963305,0.8673936019865817,1
34,train,C9_opus6,0,bonafide,-0.016325823962688446,0.4959186315536499,0,0.8755412697792053,0.7090434432029724,0.5999245643975939,0.742906910191852,1
34,train,N1_awgn20,0,bonafide,-0.0165298730134964,0.49586760997772217,0,0.8658252358436584,0.7008496522903442,0.9887956475280073,0.8532236842829689,1
34,train,N2_awgn10,0,bonafide,-0.01401820033788681,0.4964955151081085,0,0.8256669044494629,0.636909544467926,0.9925739324283537,0.8191118048486691,1
35,train,C0_clean,0,bonafide,-0.01655685342848301,0.49586087465286255,0,0.9999997019767761,0.7108240127563477,0.9888467586764285,0.9099011122205434,1
35,train,C8_opus16,0,bonafide,-0.016457922756671906,0.49588561058044434,0,0.8887708187103271,0.7157593369483948,0.9874694223798725,0.866476955282611,1
35,train,C9_opus6,0,bonafide,-0.016355808824300766,0.4959111213684082,0,0.8882589936256409,0.7223122119903564,0.5995754159070196,0.7518698858194691,1
35,train,N1_awgn20,0,bonafide,-0.016398854553699493,0.49590036273002625,0,0.8479432463645935,0.7006693482398987,0.998258705039926,0.8488557145297848,1
35,train,N2_awgn10,0,bonafide,-0.013905536383390427,0.4965236783027649,0,0.8363943696022034,0.6333522200584412,0.9969388906066461,0.8236450810404076,1
36,train,C0_clean,0,bonafide,-0.01655685342848301,0.49586087465286255,0,0.9999997019767761,0.7108239531517029,0.995459908637339,0.9118850393274229,1
36,train,C8_opus16,0,bonafide,-0.016464006155729294,0.49588409066200256,0,0.8901130557060242,0.7148222327232361,0.9861951782058337,0.8663504455611306,1
36,train,C9_opus6,0,bonafide,-0.01629343256354332,0.49592673778533936,0,0.8770943284034729,0.7218608856201172,0.5974653229958374,0.7466355939461755,1
36,train,N1_awgn20,0,bonafide,-0.01630524918437004,0.495923787355423,0,0.8694900274276733,0.6934481263160706,0.9884919603396157,0.8523780369677751,1
36,train,N2_awgn10,0,bonafide,-0.013926412910223007,0.49651843309402466,0,0.8029689192771912,0.6403379440307617,0.993815338618113,0.8114335525055388,1
37,train,C0_clean,0,bonafide,-0.01655685342848301,0.49586087465286255,0,0.9999997019767761,0.7108240127563477,0.9922598766466963,0.9109250476116237,1
37,train,C8_opus16,0,bonafide,-0.016467589884996414,0.49588319659233093,0,0.876805305480957,0.7207194566726685,0.9927785094052805,0.8647715120157675,1
37,train,C9_opus6,0,bonafide,-0.016335591673851013,0.4959161877632141,0,0.8742652535438538,0.7240702509880066,0.6033244911186311,0.7479245240495329,1
37,train,N1_awgn20,0,bonafide,-0.01645970717072487,0.4958851635456085,0,0.8823791742324829,0.7013469934463501,0.9906180547640916,0.8605411841561257,1
37,train,N2_awgn10,0,bonafide,-0.013806194067001343,0.49654850363731384,0,0.8313207030296326,0.6367059946060181,0.9950019046859265,0.8220406509994365,1
38,train,C0_clean,0,bonafide,-0.01655685342848301,0.49586087465286255,0,0.9999997019767761,0.7108239531517029,0.9947559891401454,0.9116738634782648,1
38,train,C8_opus16,0,bonafide,-0.016461893916130066,0.49588465690612793,0,0.8884478211402893,0.7151303291320801,0.9979999881898313,0.8693182236526891,1
38,train,C9_opus6,0,bonafide,-0.016300741583108902,0.4959249198436737,0,0.8729068636894226,0.7206908464431763,0.5949141975162013,0.7438442586635824,1
38,train,N1_awgn20,0,bonafide,-0.016346484422683716,0.49591344594955444,0,0.8651701807975769,0.695448637008667,0.9913260696995561,0.8521004843314977,1
38,train,N2_awgn10,0,bonafide,-0.014222642406821251,0.4964444041252136,0,0.8430087566375732,0.6379446983337402,0.9871624825349862,0.8247356569156472,1
39,train,C0_clean,0,bonafide,-0.01655685342848301,0.49586087465286255,0,0.9999997019767761,0.7108238935470581,0.9949630081362778,0.9117359512957112,1
39,train,C8_opus16,0,bonafide,-0.016459394246339798,0.4958852529525757,0,0.8899876475334167,0.7206395268440247,0.9940635324289916,0.8704059767952715,1
39,train,C9_opus6,0,bonafide,-0.01634596660733223,0.4959135949611664,0,0.8741471767425537,0.7240714430809021,0.5983654864444556,0.7463899495546289,1
39,train,N1_awgn20,0,bonafide,-0.016333863139152527,0.4959166347980499,0,0.8528328537940979,0.6973608136177063,0.9910577637608018,0.8476587147311916,1
39,train,N2_awgn10,0,bonafide,-0.01407838985323906,0.49648046493530273,0,0.8466057181358337,0.6320211291313171,0.9912700987310336,0.8256296556130387,1
40,train,C0_clean,0,bonafide,-0.01655685342848301,0.49586087465286255,0,0.9999997019767761,0.7108240127563477,0.9905385609232118,0.9104086528945783,1
40,train,C8_opus16,0,bonafide,-0.01646013930439949,0.49588507413864136,0,0.888552725315094,0.716701328754425,0.9894526324592695,0.8672672784901461,1
40,train,C9_opus6,0,bonafide,-0.016317099332809448,0.4959208071231842,0,0.8711515665054321,0.7181512713432312,0.5931337755414718,0.7418461406675838,1
40,train,N1_awgn20,0,bonafide,-0.01644873060286045,0.4958879053592682,0,0.869752049446106,0.7030328512191772,0.9942115298783828,0.8570741341077104,1
40,train,N2_awgn10,0,bonafide,-0.014011736959218979,0.49649712443351746,0,0.8211915493011475,0.6483234763145447,0.9926230351029038,0.8207605731456935,1
41,train,C0_clean,0,bonafide,-0.01655685342848301,0.49586087465286255,0,0.9999997019767761,0.7108239531517029,0.9980452690380498,0.9126606474476362,1
41,train,C8_opus16,0,bonafide,-0.01646098867058754,0.49588486552238464,0,0.8973039984703064,0.7209898233413696,0.9949427656878299,0.8737013760968825,1
41,train,C9_opus6,0,bonafide,-0.016312481835484505,0.4959219694137573,0,0.875451922416687,0.7242706418037415,0.6020529873254337,0.7480778577054273,1
41,train,N1_awgn20,0,bonafide,-0.016382182016968727,0.4959045350551605,0,0.8586780428886414,0.6992639899253845,0.9913224552580137,0.850647150710476,1
41,train,N2_awgn10,0,bonafide,-0.01387721300125122,0.4965307414531708,0,0.8423469066619873,0.6398505568504333,0.9942284536017268,0.827162465800443,1
42,train,C0_clean,0,bonafide,-0.01655685342848301,0.49586087465286255,0,0.9999997019767761,0.7108240127563477,0.9903124812861097,0.9103408290034477,1
42,train,C8_opus16,0,bonafide,-0.016461964696645737,0.49588459730148315,0,0.8792408108711243,0.7181307673454285,0.9986152590639941,0.8667201322712764,1
42,train,C9_opus6,0,bonafide,-0.01631271094083786,0.49592190980911255,0,0.8754504323005676,0.7143155932426453,0.5997654456797483,0.7444044845969451,1
42,train,N1_awgn20,0,bonafide,-0.016474761068820953,0.49588140845298767,0,0.8600900173187256,0.7000258564949036,0.995341293763914,0.8526461520051355,1
42,train,N2_awgn10,0,bonafide,-0.013828195631504059,0.4965430200099945,0,0.8109357357025146,0.6331213116645813,0.9935765720722515,0.8123836594020557,1
43,train,C0_clean,0,bonafide,-0.01655685342848301,0.49586087465286255,0,0.9999997019767761,0.7108239531517029,0.9969714410892337,0.9123384990629915,1
43,train,C8_opus16,0,bonafide,-0.01645961031317711,0.4958851933479309,0,0.8945702314376831,0.7247473001480103,0.9886106391596947,0.8718354743673848,1
43,train,C9_opus6,0,bonafide,-0.016310401260852814,0.4959224760532379,0,0.8641771674156189,0.7208288908004761,0.5965217927193893,0.7408760720222072,1
43,train,N1_awgn20,0,bonafide,-0.016387401148676872,0.49590325355529785,0,0.8631775379180908,0.6997360587120056,1.0052888512366975,0.8567784881518473,1
43,train,N2_awgn10,0,bonafide,-0.014065120369195938,0.49648377299308777,0,0.8177627921104431,0.6400668621063232,0.9953742373249573,0.8177374466735614,1
44,train,C0_clean,0,bonafide,-0.01655685342848301,0.49586087465286255,0,0.9999997019767761,0.7108240127563477,0.9957926936856831,0.9119848927233197,1
44,train,C8_opus16,0,bonafide,-0.016459740698337555,0.4958851635456085,0,0.8835383653640747,0.7118666768074036,0.9931823133621912,0.8649300431965083,1
44,train,C9_opus6,0,bonafide,-0.016354914754629135,0.4959113597869873,0,0.8877109885215759,0.7191323041915894,0.5950998065529234,0.7493540286319842,1
44,train,N1_awgn20,0,bonafide,-0.016496464610099792,0.4958759844303131,0,0.8527480959892273,0.6996692419052124,0.9949815779185908,0.8494944843428319,1
44,train,N2_awgn10,0,bonafide,-0.013929415494203568,0.49651768803596497,0,0.8083345293998718,0.630223274230957,0.9985891460445258,0.8119775378425935,1
45,train,C0_clean,0,bonafide,-0.01655685342848301,0.49586087465286255,0,0.9999997019767761,0.7108240127563477,0.9900891548329794,0.9102738310675086,1
45,train,C8_opus16,0,bonafide,-0.016458889469504356,0.49588537216186523,0,0.8855782151222229,0.7106673717498779,0.9948919658917655,0.8658990873413822,1
45,train,C9_opus6,0,bonafide,-0.016334272921085358,0.4959165155887604,0,0.8805747628211975,0.726175844669342,0.6024665741743137,0.7508226307815757,1
45,train,N1_awgn20,0,bonafide,-0.016411319375038147,0.4958972632884979,0,0.8818311095237732,0.6935961842536926,0.990259750830129,0.8578892243346559,1
45,train,N2_awgn10,0,bonafide,-0.013803420588374138,0.49654918909072876,0,0.814070463180542,0.6330360770225525,1.00265385758426,0.8163351656542606,1
46,train,C0_clean,0,bonafide,-0.01655685342848301,0.49586087465286255,0,0.9999997019767761,0.7108240127563477,0.9994756103825718,0.9130897677323864,1
46,train,C8_opus16,0,bonafide,-0.016462303698062897,0.4958845376968384,0,0.9014938473701477,0.7216443419456482,0.9950800501523337,0.8756148565774537,1
46,train,C9_opus6,0,bonafide,-0.016336802393198013,0.49591588973999023,0,0.8786072134971619,0.7198394536972046,0.6021303244838361,0.748033818853177,1
46,train,N1_awgn20,0,bonafide,-0.016373533755540848,0.4959067106246948,0,0.8806655406951904,0.690487265586853,0.9998560608179942,0.8593692141995303,1
46,train,N2_awgn10,0,bonafide,-0.013930371031165123,0.49651747941970825,0,0.8346365690231323,0.641551673412323,0.9943569820787296,0.8246272242565686,1
47,train,C0_clean,0,bonafide,-0.01655685342848301,0.49586087465286255,0,0.9999997019767761,0.7108240127563477,0.9957267941324498,0.9119651228573498,1
47,train,C8_opus16,0,bonafide,-0.0164568480104208,0.4958858788013458,0,0.8830908536911011,0.7216892838478088,0.9991737410288928,0.869495248939451,1
47,train,C9_opus6,0,bonafide,-0.016286946833133698,0.4959283471107483,0,0.8840896487236023,0.7202387452125549,0.5997075617975163,0.7496197515924623,1
47,train,N1_awgn20,0,bonafide,-0.014261770993471146,0.49643462896347046,0,0.8582471013069153,0.700005054473877,0.9904306399631018,0.8504295488538598,1
47,train,N2_awgn10,0,bonafide,-0.013673432171344757,0.49658167362213135,0,0.7860062122344971,0.6367270350456238,0.9976198314322521,0.8047065448371615,1
48,train,C0_clean,0,bonafide,-0.01655685342848301,0.49586087465286255,0,0.9999997019767761,0.7108240127563477,0.9941935028597932,0.9115051354755528,1
48,train,C8_opus16,0,bonafide,-0.01646590605378151,0.49588361382484436,0,0.8892180323600769,0.7171303033828735,0.9941390782960888,0.8690680274477194,1
48,train,C9_opus6,0,bonafide,-0.01629946008324623,0.4959252178668976,0,0.8531789779663086,0.7222638726234436,0.5997280527900835,0.7378691688105816,1
48,train,N1_awgn20,0,bonafide,-0.016328606754541397,0.495917946100235,0,0.8713594079017639,0.6933034062385559,0.9907627430626967,0.8537636079510814,1
48,train,N2_awgn10,0,bonafide,-0.014095939695835114,0.49647608399391174,0,0.8204898834228516,0.6374332904815674,0.9861870152416431,0.8152820450861037,1
49,train,C0_clean,0,bonafide,-0.01655685342848301,0.49586087465286255,0,0.9999997019767761,0.7108240127563477,0.9969891195163472,0.9123438204725189,1
49,train,C8_opus16,0,bonafide,-0.016464557498693466,0.4958839416503906,0,0.8814675807952881,0.7163593769073486,0.9950403594223705,0.866006953217031,1
49,train,C9_opus6,0,bonafide,-0.016336914151906967,0.49591585993766785,0,0.8934890031814575,0.7203261256217957,0.5908229416851056,0.7507403214646534,1
49,train,N1_awgn20,0,bonafide,-0.016322001814842224,0.4959196150302887,0,0.8659283518791199,0.6836921572685242,1.0005569889626624,0.851646084621004,1
49,train,N2_awgn10,0,bonafide,-0.014067700132727623,0.4964831471443176,0,0.8294240236282349,0.6421306133270264,0.9929489457746162,0.8222934771817867,1
50,train,C0_clean,1,A16_voice_conversion,-0.017671873793005943,0.49558213353157043,0,0.9999997615814209,0.5978354811668396,0.9915164915367656,0.87680549644365,1
50,train,C8_opus16,1,A16_voice_conversion,-0.015080912038683891,0.4962298274040222,0,0.9134747982025146,0.6075966954231262,0.9915625260261958,0.8451376857158024,1
50,train,C9_opus6,1,A16_voice_conversion,-0.016346383839845657,0.49591347575187683,0,0.7970285415649414,0.7102177739143372,0.5926119064209682,0.7096603207265682,1
50,train,N1_awgn20,1,A16_voice_conversion,-0.014155736193060875,0.49646109342575073,0,0.8789477944374084,0.5840523838996887,0.9991875537352491,0.8265510990654448,1
50,train,N2_awgn10,1,A16_voice_conversion,-0.013510897755622864,0.49662235379219055,0,0.7948821187019348,0.5665295720100403,0.9976319705296124,0.7872013102426698,1
51,train,C0_clean,1,A17_hybrid_tts,-0.017671873793005943,0.49558213353157043,0,0.9999997615814209,0.5978354811668396,0.9923418656276051,0.8770531086709018,1
51,train,C8_opus16,1,A17_hybrid_tts,-0.015087094157934189,0.49622830748558044,0,0.9091938734054565,0.6038187742233276,0.9964286291640657,0.8437517703784007,1
51,train,C9_opus6,1,A17_hybrid_tts,-0.016320964321494102,0.4959198534488678,0,0.8153619766235352,0.7253268361091614,0.6003825335019481,0.723857601532747,1
51,train,N1_awgn20,1,A17_hybrid_tts,-0.014355100691318512,0.4964112937450409,0,0.8793964385986328,0.5920052528381348,0.9957369971584005,0.8280812504384139,1
51,train,N2_awgn10,1,A17_hybrid_tts,-0.013266412541270256,0.4966834783554077,0,0.8160258531570435,0.5785363912582397,0.9863888409255226,0.7958879109179462,1
52,train,C0_clean,1,A18_hybrid_tts,-0.017671873793005943,0.49558213353157043,0,0.9999997615814209,0.5978355407714844,0.9985138229898278,0.878904713760962,1
52,train,C8_opus16,1,A18_hybrid_tts,-0.015075452625751495,0.49623122811317444,0,0.9149156212806702,0.6006525754928589,0.9916058485874131,0.8436437757363497,1
52,train,C9_opus6,1,A18_hybrid_tts,-0.01627369597554207,0.4959316551685333,0,0.8083505630493164,0.7207017540931702,0.5948063335073571,0.7179926514998848,1
52,train,N1_awgn20,1,A18_hybrid_tts,-0.014274775981903076,0.4964313507080078,0,0.8822326064109802,0.5992412567138672,0.9880342012697301,0.8290756799594713,1
52,train,N2_awgn10,1,A18_hybrid_tts,-0.01317112147808075,0.4967072606086731,0,0.7845982909202576,0.5700283050537109,0.9963786587610337,0.7837614055125264,1
53,train,C0_clean,1,A19_hybrid_tts,-0.017671873793005943,0.49558213353157043,0,0.9999997615814209,0.5978354811668396,0.9873787277653837,0.8755641673122354,1
53,train,C8_opus16,1,A19_hybrid_tts,-0.01507515273988247,0.4962312877178192,0,0.9130698442459106,0.6029592156410217,0.9879227661483811,0.842492532235185,1
53,train,C9_opus6,1,A19_hybrid_tts,-0.016296472400426865,0.4959259629249573,0,0.8151772618293762,0.7132137417793274,0.5988180431913217,0.7196804402229453,1
53,train,N1_awgn20,1,A19_hybrid_tts,-0.01433846540749073,0.49641546607017517,0,0.8778324127197266,0.5904980301856995,0.9945873577387524,0.8266585814652262,1
53,train,N2_awgn10,1,A19_hybrid_tts,-0.012741707265377045,0.4968146085739136,0,0.8260135650634766,0.5842579007148743,0.9939204910926471,0.8038589435676471,1
54,train,C0_clean,1,A07_neural_vocoder,-0.017671873793005943,0.49558213353157043,0,0.9999997615814209,0.5978354811668396,0.9930657535662042,0.8772702750524815,1
54,train,C8_opus16,1,A07_neural_vocoder,-0.015074176713824272,0.4962315261363983,0,0.91888427734375,0.6059859991073608,0.9931484265831182,0.8472940386446437,1
54,train,C9_opus6,1,A07_neural_vocoder,-0.016324203461408615,0.49591904878616333,0,0.8115194439888,0.7210675477981567,0.6083475670074802,0.7234323120372111,1
54,train,N1_awgn20,1,A07_neural_vocoder,-0.014321008697152138,0.4964198172092438,0,0.8660430908203125,0.5946934223175049,0.9950440865262604,0.8233384889812546,1
54,train,N2_awgn10,1,A07_neural_vocoder,-0.013224873691797256,0.49669384956359863,0,0.8121817111968994,0.5729849338531494,0.9951077716902257,0.7953004961417723,1
55,train,C0_clean,1,A08_neural_vocoder,-0.017671873793005943,0.49558213353157043,0,0.9999997615814209,0.5978354811668396,0.9926731314135202,0.8771524884066764,1
55,train,C8_opus16,1,A08_neural_vocoder,-0.015074213966727257,0.4962315261363983,0,0.9178829789161682,0.6071708798408508,1.0018960750964943,0.8498732780476708,1
55,train,C9_opus6,1,A08_neural_vocoder,-0.016332244500517845,0.49591702222824097,0,0.8173999786376953,0.7199749946594238,0.6043088603820927,0.724245147967533,1
55,train,N1_awgn20,1,A08_neural_vocoder,-0.014119276776909828,0.49647024273872375,0,0.8784118890762329,0.5926608443260193,0.9956639145344378,0.8278621832886303,1
55,train,N2_awgn10,1,A08_neural_vocoder,-0.01317983865737915,0.4967050850391388,0,0.7957320213317871,0.5682947039604187,0.9907826767033777,0.7860160227318538,1
56,train,C0_clean,1,A10_neural_vocoder,-0.017671873793005943,0.49558213353157043,0,0.9999997615814209,0.5978355407714844,0.9939018230460502,0.8775211137778288,1
56,train,C8_opus16,1,A10_neural_vocoder,-0.015069536864757538,0.49623268842697144,0,0.915710985660553,0.6016866564750671,0.9996129742856449,0.8466742834924348,1
56,train,C9_opus6,1,A10_neural_vocoder,-0.0163254551589489,0.49591872096061707,0,0.810331404209137,0.7196449041366577,0.5978602713911328,0.719384114341992,1
56,train,N1_awgn20,1,A10_neural_vocoder,-0.014403149485588074,0.49639925360679626,0,0.8712425827980042,0.588546097278595,0.9940741717403775,0.8232831138248934,1
56,train,N2_awgn10,1,A10_neural_vocoder,-0.01331094466149807,0.49667230248451233,0,0.8189287185668945,0.5724748373031616,0.9985589713812425,0.7988816300320791,1
57,train,C0_clean,1,A13_voice_conversion,-0.017671873793005943,0.49558213353157043,0,0.9999997615814209,0.5978354811668396,0.9942959339134503,0.8776393291566553,1
57,train,C8_opus16,1,A13_voice_conversion,-0.015074076130986214,0.4962315261363983,0,0.9186974763870239,0.6013253927230835,1.0004182784247677,0.8480020918991649,1
57,train,C9_opus6,1,A13_voice_conversion,-0.016336699947714806,0.4959159195423126,0,0.8197705149650574,0.7162668108940125,0.5951108098155885,0.7213214921989033,1
57,train,N1_awgn20,1,A13_voice_conversion,-0.014244884252548218,0.4964388310909271,0,0.8957664966583252,0.5912695527076721,0.9982757465667903,0.8351701884456688,1
57,train,N2_awgn10,1,A13_voice_conversion,-0.013087037950754166,0.4967282712459564,0,0.8527690768241882,0.5717703700065613,0.9897519415934471,0.8095643242096778,1
58,train,C0_clean,1,A14_voice_conversion,-0.017671873793005943,0.49558213353157043,0,0.9999997615814209,0.5978355407714844,0.9906017215247687,0.8765310833214444,1
58,train,C8_opus16,1,A14_voice_conversion,-0.015085458755493164,0.4962286949157715,0,0.909145176410675,0.6050595641136169,0.9943837022808648,0.8434910504826145,1
58,train,C9_opus6,1,A14_voice_conversion,-0.016321871429681778,0.4959196150302887,0,0.8071128726005554,0.7160298228263855,0.6006178195196848,0.7178394417440432,1
58,train,N1_awgn20,1,A14_voice_conversion,-0.014195378869771957,0.496451199054718,0,0.895157516002655,0.5875282883644104,0.994088155817469,0.8325479396556258,1
58,train,N2_awgn10,1,A14_voice_conversion,-0.013471530750393867,0.4966321885585785,0,0.8512449264526367,0.5730377435684204,0.9900137700771644,0.8094134246747302,1
59,train,C0_clean,1,A16_voice_conversion,-0.017671873793005943,0.49558213353157043,0,0.9999997615814209,0.5978354811668396,0.989896399097572,0.8763194687118918,1
59,train,C8_opus16,1,A16_voice_conversion,-0.015083318576216698,0.49622923135757446,0,0.9087092876434326,0.6084298491477966,0.9945996232378866,0.844392556773078,1
59,train,C9_opus6,1,A16_voice_conversion,-0.01633010059595108,0.49591758847236633,0,0.8052859306335449,0.7299992442131042,0.5982932060811154,0.7206021073416838,1
59,train,N1_awgn20,1,A16_voice_conversion,-0.0144242774695158,0.49639400839805603,0,0.8610584139823914,0.5954190492630005,0.9932021350332912,0.8210097208818441,1
59,train,N2_awgn10,1,A16_voice_conversion,-0.013113107532262802,0.4967217445373535,0,0.8397872447967529,0.5762486457824707,0.9914830791644711,0.8062344154027838,1
60,train,C0_clean,1,A17_hybrid_tts,-0.017671873793005943,0.49558213353157043,0,0.9999997615814209,0.5978355407714844,0.9879037121184998,0.8757216804995637,1
60,train,C8_opus16,1,A17_hybrid_tts,-0.015073409304022789,0.49623170495033264,0,0.9172574281692505,0.606783390045166,0.9974878464902303,0.8481843422283191,1
60,train,C9_opus6,1,A17_hybrid_tts,-0.016292739659547806,0.4959269165992737,0,0.8121895790100098,0.7260900735855103,0.6012663507332723,0.7230827588996387,1
60,train,N1_awgn20,1,A17_hybrid_tts,-0.014296598732471466,0.49642592668533325,0,0.8920268416404724,0.5926544666290283,0.9989063356780792,0.8342789773483212,1
60,train,N2_awgn10,1,A17_hybrid_tts,-0.013004118576645851,0.49674898386001587,0,0.8410351872444153,0.5750296711921692,0.9942587185324168,0.8072005918151419,1
61,train,C0_clean,1,A18_hybrid_tts,-0.017671873793005943,0.49558213353157043,0,0.9999997615814209,0.5978354811668396,0.9897559133097927,0.876277322975558,1
61,train,C8_opus16,1,A18_hybrid_tts,-0.015074728056788445,0.4962313771247864,0,0.9171594977378845,0.609145998954773,0.9911447277981681,0.8469510171210362,1
61,train,C9_opus6,1,A18_hybrid_tts,-0.016333796083927155,0.4959166347980499,0,0.8097580075263977,0.7175082564353943,0.5943956118494407,0.7174743634960096,1
61,train,N1_awgn20,1,A18_hybrid_tts,-0.014288973063230515,0.49642783403396606,0,0.8841083645820618,0.5947814583778381,0.9919232730358334,0.8296547652569262,1
61,train,N2_awgn10,1,A18_hybrid_tts,-0.013092881068587303,0.4967268407344818,0,0.8301990628242493,0.5655845999717712,0.996243260311575,0.8006279832147036,1
62,train,C0_clean,1,A19_hybrid_tts,-0.017671873793005943,0.49558213353157043,0,0.9999997615814209,0.5978354811668396,0.9888144597302644,0.8759948869016996,1
62,train,C8_opus16,1,A19_hybrid_tts,-0.015058625489473343,0.4962354004383087,0,0.9133329391479492,0.600445568561554,0.9966553969825028,0.8444634653223968,1
62,train,C9_opus6,1,A19_hybrid_tts,-0.01631983369588852,0.4959201514720917,0,0.8147956728935242,0.7127201557159424,0.6153448006459213,0.7243377560659687,1
62,train,N1_awgn20,1,A19_hybrid_tts,-0.01437404565513134,0.49640655517578125,0,0.8699360489845276,0.5922138690948486,0.9999244594580863,0.8256159181596915,1
62,train,N2_awgn10,1,A19_hybrid_tts,-0.013266872614622116,0.4966833293437958,0,0.8222224712371826,0.5674054026603699,0.9908142748215404,0.7963548917394461,1
63,train,C0_clean,1,A07_neural_vocoder,-0.017671873793005943,0.49558213353157043,0,0.9999998807907104,0.5978354811668396,0.9959184802899317,0.8781261407533156,1
63,train,C8_opus16,1,A07_neural_vocoder,-0.015080461278557777,0.49622994661331177,0,0.9177253842353821,0.6016099452972412,0.9988434051592836,0.8472261588311103,1
63,train,C9_opus6,1,A07_neural_vocoder,-0.016309984028339386,0.4959225654602051,0,0.8196682333946228,0.7191619873046875,0.6048837799844154,0.7250810235445799,1
63,train,N1_awgn20,1,A07_neural_vocoder,-0.014220422133803368,0.496444970369339,0,0.8803701996803284,0.593326985836029,0.9928688251922066,0.8280068231806021,1
63,train,N2_awgn10,1,A07_neural_vocoder,-0.0132724829018116,0.49668189883232117,0,0.8451956510543823,0.5794525742530823,0.9959463618930517,0.8106979412655932,1
64,train,C0_clean,1,A08_neural_vocoder,-0.017671873793005943,0.49558213353157043,0,0.9999997615814209,0.5978354811668396,0.9909222352647775,0.8766272195620535,1
64,train,C8_opus16,1,A08_neural_vocoder,-0.015074901282787323,0.496231347322464,0,0.9169108867645264,0.6057323813438416,0.9935799391063872,0.8465580508408792,1
64,train,C9_opus6,1,A08_neural_vocoder,-0.01627444289624691,0.495931476354599,0,0.810849130153656,0.7144914865493774,0.5972338359787586,0.7178572488199032,1
64,train,N1_awgn20,1,A08_neural_vocoder,-0.01434616930782795,0.49641352891921997,0,0.8680322170257568,0.5910125970840454,0.9965513243767937,0.8234820632485544,1
64,train,N2_awgn10,1,A08_neural_vocoder,-0.013111261650919914,0.4967222511768341,0,0.83843594789505,0.5698705911636353,0.9978213734261152,0.8056819685349452,1
65,train,C0_clean,1,A10_neural_vocoder,-0.017671873793005943,0.49558213353157043,0,0.9999997615814209,0.5978355407714844,0.9931484834879905,0.8772951119104109,1
65,train,C8_opus16,1,A10_neural_vocoder,-0.015074606984853745,0.49623140692710876,0,0.9124484658241272,0.6053640842437744,1.0024311267188843,0.8473179496184484,1
65,train,C9_opus6,1,A10_neural_vocoder,-0.016333073377609253,0.49591681361198425,0,0.820149302482605,0.7187682390213013,0.6020149710569014,0.7242946840165028,1
65,train,N1_awgn20,1,A10_neural_vocoder,-0.014391550794243813,0.49640217423439026,0,0.8901416063308716,0.5884851813316345,0.9931298297618649,0.8305411458603984,1
65,train,N2_awgn10,1,A10_neural_vocoder,-0.013106778264045715,0.49672335386276245,0,0.8096979856491089,0.5766213536262512,0.9868460311146695,0.7929194096819198,1
66,train,C0_clean,1,A13_voice_conversion,-0.017671873793005943,0.49558213353157043,0,0.9999997615814209,0.5978354811668396,0.9932467211043481,0.8773245653139248,1
66,train,C8_opus16,1,A13_voice_conversion,-0.015079675242304802,0.4962301254272461,0,0.9127581715583801,0.604828953742981,0.9936313426584288,0.8446413575437749,1
66,train,C9_opus6,1,A13_voice_conversion,-0.016275808215141296,0.49593114852905273,0,0.7995607256889343,0.7216416597366333,0.6036817181601488,0.7174213036446083,1
66,train,N1_awgn20,1,A13_voice_conversion,-0.014211174100637436,0.49644726514816284,0,0.8756067752838135,0.5958164930343628,0.9830074803086079,0.8238899021164167,1
66,train,N2_awgn10,1,A13_voice_conversion,-0.013043845072388649,0.49673908948898315,0,0.8511189222335815,0.5743111968040466,1.0004557214963117,0.8128776443835402,1
67,train,C0_clean,1,A14_voice_conversion,-0.017671873793005943,0.49558213353157043,0,0.9999997615814209,0.5978355407714844,0.9966585028133587,0.8783481177080213,1
67,train,C8_opus16,1,A14_voice_conversion,-0.015063036233186722,0.49623429775238037,0,0.9178271293640137,0.6065860986709595,1.0005574056079052,0.8492739030292649,1
67,train,C9_opus6,1,A14_voice_conversion,-0.016339337453246117,0.4959152340888977,0,0.8133853077888489,0.7207052111625671,0.5952899893184932,0.7201526832598577,1
67,train,N1_awgn20,1,A14_voice_conversion,-0.014361308887600899,0.49640971422195435,0,0.8707999587059021,0.5936750173568726,0.9937952143024947,0.824561052980171,1
67,train,N2_awgn10,1,A14_voice_conversion,-0.012961316853761673,0.49675971269607544,0,0.8128567934036255,0.574704647064209,1.0014642967795184,0.7979934005145685,1
68,train,C0_clean,1,A16_voice_conversion,-0.017671873793005943,0.49558213353157043,0,0.9999997615814209,0.5978354811668396,0.9927167440415997,0.8771655721951002,1
68,train,C8_opus16,1,A16_voice_conversion,-0.015077285468578339,0.49623075127601624,0,0.9223260879516602,0.6068760752677917,0.9936362527968331,0.8490841336000515,1
68,train,C9_opus6,1,A16_voice_conversion,-0.0162852481007576,0.4959287643432617,0,0.8134839534759521,0.7168436646461487,0.5998266297588775,0.7203946697118886,1
68,train,N1_awgn20,1,A16_voice_conversion,-0.014283437281847,0.4964291751384735,0,0.8715586066246033,0.5928385853767395,0.9844913650554686,0.8218224277795039,1
68,train,N2_awgn10,1,A16_voice_conversion,-0.013263508677482605,0.49668416380882263,0,0.8482482433319092,0.5753871202468872,0.9935903189553512,0.8099925290934352,1
69,train,C0_clean,1,A17_hybrid_tts,-0.017671873793005943,0.49558213353157043,0,0.9999997615814209,0.5978354811668396,0.9946298169948167,0.8777394940810652,1
69,train,C8_opus16,1,A17_hybrid_tts,-0.01507069543004036,0.49623239040374756,0,0.9104043841362,0.610160768032074,0.995290520627288,0.8457971402522886,1
69,train,C9_opus6,1,A17_hybrid_tts,-0.016288183629512787,0.495928019285202,0,0.8187342286109924,0.7170222401618958,0.6008629907132986,0.7228592607069553,1
69,train,N1_awgn20,1,A17_hybrid_tts,-0.014354726299643517,0.49641138315200806,0,0.8940477967262268,0.5938916802406311,0.9957880237357482,0.8345230298834045,1
69,train,N2_awgn10,1,A17_hybrid_tts,-0.013248011469841003,0.4966880679130554,0,0.8366413712501526,0.5811695456504822,0.9943728746080698,0.8073192745776266,1
70,test,C0_clean,1,A18_hybrid_tts,-0.017671873793005943,0.49558213353157043,0,0.9999997615814209,0.5978355407714844,0.9949099400082358,0.8778235488664845,1
70,test,C8_opus16,1,A18_hybrid_tts,-0.015079047530889511,0.4962303042411804,0,0.9096425771713257,0.6057261228561401,0.9927313319051988,0.8433942672969319,1
70,test,C9_opus6,1,A18_hybrid_tts,-0.016321318224072456,0.49591976404190063,0,0.8087210655212402,0.7228004336357117,0.5995009061673934,0.7201788281494277,1
70,test,N1_awgn20,1,A18_hybrid_tts,-0.014451725408434868,0.4963871240615845,0,0.8860701322555542,0.5848758816719055,1.0003604630151155,0.8299989563083279,1
70,test,N2_awgn10,1,A18_hybrid_tts,-0.013031991198658943,0.49674203991889954,0,0.8449822068214417,0.5754607915878296,0.9945743853897447,0.809003435821849,1
71,test,C0_clean,1,A19_hybrid_tts,-0.017671873793005943,0.49558213353157043,0,0.9999997615814209,0.5978354811668396,0.9943500868472415,0.8776555750367927,1
71,test,C8_opus16,1,A19_hybrid_tts,-0.015080578625202179,0.49622994661331177,0,0.910375714302063,0.6024574041366577,0.9921364673174282,0.842528447157051,1
71,test,C9_opus6,1,A19_hybrid_tts,-0.01633141189813614,0.4959172308444977,0,0.796730637550354,0.7239415049552917,0.6010425994196904,0.7161874863326363,1
71,test,N1_awgn20,1,A19_hybrid_tts,-0.0141330286860466,0.4964667856693268,0,0.8603625297546387,0.588533878326416,0.9945716789789659,0.81907667909347,1
71,test,N2_awgn10,1,A19_hybrid_tts,-0.013076957315206528,0.4967308044433594,0,0.8383822441101074,0.5777102112770081,0.9908121488378742,0.8059096056785076,1
72,test,C0_clean,1,A07_neural_vocoder,-0.017671873793005943,0.49558213353157043,0,0.9999996423721313,0.5978354811668396,0.9935708887456094,0.8774217679225873,1
72,test,C8_opus16,1,A07_neural_vocoder,-0.015073096379637718,0.4962317943572998,0,0.9168424010276794,0.6073969006538391,0.9973563938020947,0.8481629487478519,1
72,test,C9_opus6,1,A07_neural_vocoder,-0.01631907932460308,0.495920330286026,0,0.8213220834732056,0.7206090688705444,0.5925711995030918,0.7224829139013731,1
72,test,N1_awgn20,1,A07_neural_vocoder,-0.01421874389052391,0.4964453876018524,0,0.8844661712646484,0.5868915915489197,0.994151924448899,0.8280995233052049,1
72,test,N2_awgn10,1,A07_neural_vocoder,-0.013055924326181412,0.496736079454422,0,0.8289204239845276,0.5724804401397705,0.9979386284180829,0.8026938901611671,1
73,test,C0_clean,1,A08_neural_vocoder,-0.017671873793005943,0.49558213353157043,0,0.9999997615814209,0.5978354811668396,0.996965199664819,0.8784401088820659,1
73,test,C8_opus16,1,A08_neural_vocoder,-0.015076491981744766,0.49623095989227295,0,0.9126979112625122,0.6082168221473694,1.0018058968134378,0.848085980193247,1
73,test,C9_opus6,1,A08_neural_vocoder,-0.01629357598721981,0.49592670798301697,0,0.8181895017623901,0.7179365158081055,0.5913918160247936,0.7200743002548259,1
73,test,N1_awgn20,1,A08_neural_vocoder,-0.014308074489235878,0.49642303586006165,0,0.867642879486084,0.591745913028717,0.992611287505547,0.8223643119547128,1
73,test,N2_awgn10,1,A08_neural_vocoder,-0.013078225776553154,0.4967304766178131,0,0.8671593070030212,0.5755735635757446,0.9878064186177169,0.8158777174592471,1
74,test,C0_clean,1,A10_neural_vocoder,-0.017671873793005943,0.49558213353157043,0,0.9999997615814209,0.5978355407714844,0.9942049965589567,0.8776120658317008,1
74,test,C8_opus16,1,A10_neural_vocoder,-0.015081563964486122,0.4962296783924103,0,0.9227808117866516,0.6066629886627197,0.9958239030836022,0.8498583922385572,1
74,test,C9_opus6,1,A10_neural_vocoder,-0.016285352408885956,0.4959287643432617,0,0.8020504117012024,0.7220847606658936,0.5996357558573148,0.7173363196374435,1
74,test,N1_awgn20,1,A10_neural_vocoder,-0.014310697093605995,0.4964223802089691,0,0.9088739156723022,0.590370774269104,0.99208339725824,0.8382858177271241,1
74,test,N2_awgn10,1,A10_neural_vocoder,-0.013264719396829605,0.49668386578559875,0,0.8531233668327332,0.574668288230896,0.9997920569419986,0.8135874502849616,1
75,test,C0_clean,1,A13_voice_conversion,-0.017671873793005943,0.49558213353157043,0,0.9999997615814209,0.5978355407714844,0.9885730461145189,0.8759224806983694,1
75,test,C8_opus16,1,A13_voice_conversion,-0.015065830200910568,0.49623361229896545,0,0.9231974482536316,0.6000052690505981,0.9923273646758644,0.8469787694193913,1
75,test,C9_opus6,1,A13_voice_conversion,-0.01633932814002037,0.4959152340888977,0,0.8035094141960144,0.7207508683204651,0.6036164516965162,0.7187139616835002,1
75,test,N1_awgn20,1,A13_voice_conversion,-0.014317573979496956,0.49642065167427063,0,0.8732219338417053,0.5951908826828003,0.9995068390385268,0.8276980900530803,1
75,test,N2_awgn10,1,A13_voice_conversion,-0.013289179652929306,0.4966777265071869,0,0.7983766198158264,0.5743189454078674,0.9973188055125769,0.7908419732024639,1
76,test,C0_clean,1,A14_voice_conversion,-0.017671873793005943,0.49558213353157043,0,0.9999997615814209,0.5978355407714844,0.9950029181594131,0.8778514423118378,1
76,test,C8_opus16,1,A14_voice_conversion,-0.015068545937538147,0.49623292684555054,0,0.9152135252952576,0.6036959886550903,0.9991347900409495,0.846934643726915,1
76,test,C9_opus6,1,A14_voice_conversion,-0.01631733402609825,0.49592074751853943,0,0.8242397904396057,0.714683473110199,0.5995620403640184,0.7239695702181075,1
76,test,N1_awgn20,1,A14_voice_conversion,-0.014187801629304886,0.4964531362056732,0,0.8865799307823181,0.5911642909049988,1.0015759437237375,0.8324540427015481,1
76,test,N2_awgn10,1,A14_voice_conversion,-0.01302345097064972,0.49674415588378906,0,0.8113560676574707,0.5720624327659607,0.9968579381280298,0.7952185383311854,1
77,test,C0_clean,1,A16_voice_conversion,-0.017671873793005943,0.49558213353157043,0,0.9999997615814209,0.5978354811668396,0.9881095942752705,0.8757834272652014,1
77,test,C8_opus16,1,A16_voice_conversion,-0.01507740281522274,0.49623075127601624,0,0.914402425289154,0.6028524041175842,0.9962634256196721,0.8454957190368386,1
77,test,C9_opus6,1,A16_voice_conversion,-0.01633332297205925,0.4959167540073395,0,0.8107284307479858,0.7107636332511902,0.5939255573490159,0.7156981294792562,1
77,test,N1_awgn20,1,A16_voice_conversion,-0.014271074905991554,0.49643227458000183,0,0.8899538516998291,0.5918142795562744,0.9891958754218082,0.8302845871733564,1
77,test,N2_awgn10,1,A16_voice_conversion,-0.013018529862165451,0.49674543738365173,0,0.8116161823272705,0.5734126567840576,0.9918985723312621,0.7942398416655041,1
78,test,C0_clean,1,A17_hybrid_tts,-0.017671873793005943,0.49558213353157043,0,0.9999997615814209,0.5978355407714844,0.9930803173877134,0.8772746620803278,1
78,test,C8_opus16,1,A17_hybrid_tts,-0.015078235417604446,0.49623051285743713,0,0.9059661030769348,0.6032151579856873,0.9934969211390273,0.8414000649681883,1
78,test,C9_opus6,1,A17_hybrid_tts,-0.01627391017973423,0.49593159556388855,0,0.8071737289428711,0.724313497543335,0.6037255059874919,0.7212811926363965,1
78,test,N1_awgn20,1,A17_hybrid_tts,-0.014344019815325737,0.49641406536102295,0,0.8770691156387329,0.5912487506866455,0.9957681912426283,0.8269327288342753,1
78,test,N2_awgn10,1,A17_hybrid_tts,-0.013127228245139122,0.49671822786331177,0,0.8025427460670471,0.5789839029312134,0.9972041637934542,0.7938735184442192,1
79,test,C0_clean,1,A18_hybrid_tts,-0.017671873793005943,0.49558213353157043,0,0.9999997615814209,0.5978355407714844,0.9940785939637317,0.8775741450531332,1
79,test,C8_opus16,1,A18_hybrid_tts,-0.015069741755723953,0.49623265862464905,0,0.9140768051147461,0.6078231334686279,0.9992323916854561,0.8477473795921238,1
79,test,C9_opus6,1,A18_hybrid_tts,-0.01632838323712349,0.4959179759025574,0,0.8157178163528442,0.7196027636528015,0.5992298158202323,0.7219369003830478,1
79,test,N1_awgn20,1,A18_hybrid_tts,-0.014259474352002144,0.4964351952075958,0,0.8891055583953857,0.5860506892204285,0.992488069254522,0.8292038509006394,1
79,test,N2_awgn10,1,A18_hybrid_tts,-0.012961367145180702,0.49675971269607544,0,0.8538191318511963,0.5767654180526733,0.9947795637630505,0.8129911472851956,1
80,test,C0_clean,1,A19_hybrid_tts,-0.017671873793005943,0.49558213353157043,0,0.9999997615814209,0.5978355407714844,0.9873093847602363,0.8755433822920846,1
80,test,C8_opus16,1,A19_hybrid_tts,-0.015068288892507553,0.4962329864501953,0,0.9109376072883606,0.6067087054252625,0.9932463197181841,0.8443615504583782,1
80,test,C9_opus6,1,A19_hybrid_tts,-0.0162863340228796,0.4959285259246826,0,0.8058325052261353,0.7224962115287781,0.6069651932797675,0.7211714235330178,1
80,test,N1_awgn20,1,A19_hybrid_tts,-0.014367392286658287,0.4964081943035126,0,0.8653796315193176,0.5947459936141968,1.0012753060934851,0.8249582425200317,1
80,test,N2_awgn10,1,A19_hybrid_tts,-0.013367610052227974,0.49665817618370056,0,0.8046420216560364,0.5698826313018799,0.9971026687414585,0.791952398675416,1
81,test,C0_clean,1,A07_neural_vocoder,-0.017671873793005943,0.49558213353157043,0,0.9999997615814209,0.5978354811668396,0.9942588398451223,0.8776282009361569,1
81,test,C8_opus16,1,A07_neural_vocoder,-0.015080299228429794,0.49623000621795654,0,0.90267014503479,0.6025156378746033,0.9972403896838222,0.8409948662814437,1
81,test,C9_opus6,1,A07_neural_vocoder,-0.016329262405633926,0.49591779708862305,0,0.8181158304214478,0.7245182394981384,0.5993590798582127,0.7244095279754844,1
81,test,N1_awgn20,1,A07_neural_vocoder,-0.014251289889216423,0.4964372217655182,0,0.8819501996040344,0.5944597721099854,0.9954129708216655,0.829741902721109,1
81,test,N2_awgn10,1,A07_neural_vocoder,-0.01302320510149002,0.49674421548843384,0,0.8686670064926147,0.5695381760597229,0.9971581632677463,0.8174757043952867,1
82,test,C0_clean,1,A08_neural_vocoder,-0.017671873793005943,0.49558213353157043,0,0.9999997615814209,0.5978355407714844,0.9954432023381027,0.8779835275654446,1
82,test,C8_opus16,1,A08_neural_vocoder,-0.015068795531988144,0.49623286724090576,0,0.9131291508674622,0.6015113592147827,1.0017290288918708,0.8462237767789809,1
82,test,C9_opus6,1,A08_neural_vocoder,-0.0163066815584898,0.4959234297275543,0,0.8119913935661316,0.7163931727409363,0.6053609552187247,0.7213227958143509,1
82,test,N1_awgn20,1,A08_neural_vocoder,-0.01413683220744133,0.49646586179733276,0,0.8876006603240967,0.5950520038604736,0.9944127701088822,0.8318796963204453,1
82,test,N2_awgn10,1,A08_neural_vocoder,-0.013384636491537094,0.49665388464927673,0,0.8261558413505554,0.5770805478096008,0.9938220686351346,0.8017331214736427,1
83,test,C0_clean,1,A10_neural_vocoder,-0.017671873793005943,0.49558213353157043,0,0.9999997615814209,0.5978354811668396,0.9946544353316267,0.8777468795821083,1
83,test,C8_opus16,1,A10_neural_vocoder,-0.01507539488375187,0.49623122811317444,0,0.9209826588630676,0.6095394492149353,0.9950158855108795,0.8497596639629714,1
83,test,C9_opus6,1,A10_neural_vocoder,-0.016344867646694183,0.49591389298439026,0,0.8215580582618713,0.7226230502128601,0.5980910725339034,0.7248374601287777,1
83,test,N1_awgn20,1,A10_neural_vocoder,-0.014473497867584229,0.4963817000389099,0,0.8832725882530212,0.5897736549377441,0.9989829765760283,0.8299360247553402,1
83,test,N2_awgn10,1,A10_neural_vocoder,-0.012908298522233963,0.49677297472953796,0,0.8438645601272583,0.5731833577156067,0.9908790718045286,0.8067645529069438,1
84,test,C0_clean,1,A13_voice_conversion,-0.017671873793005943,0.49558213353157043,0,0.9999997615814209,0.5978354811668396,0.9951061443754989,0.8778823922952699,1
84,test,C8_opus16,1,A13_voice_conversion,-0.015076607465744019,0.49623093008995056,0,0.9082563519477844,0.603245198726654,0.9963471918530747,0.8431802579530323,1
84,test,C9_opus6,1,A13_voice_conversion,-0.016340117901563644,0.4959150552749634,0,0.8161819577217102,0.7192299962043762,0.5974436701589644,0.7214748829976863,1
84,test,N1_awgn20,1,A13_voice_conversion,-0.014373589307069778,0.4964067041873932,0,0.8676368594169617,0.5947021842002869,0.9934101342829921,0.8234884393117683,1
84,test,N2_awgn10,1,A13_voice_conversion,-0.013356093317270279,0.4966610372066498,0,0.8291751742362976,0.5750504732131958,0.9934016111850021,0.8022056950139784,1
85,test,C0_clean,1,A14_voice_conversion,-0.017671873793005943,0.49558213353157043,0,0.9999997615814209,0.5978354811668396,0.9970578985275876,0.8784679185408966,1
85,test,C8_opus16,1,A14_voice_conversion,-0.015083890408277512,0.4962291121482849,0,0.9010974168777466,0.6018452644348145,1.0014829630360012,0.8414374349923434,1
85,test,C9_opus6,1,A14_voice_conversion,-0.01627924293279648,0.4959302544593811,0,0.8157901167869568,0.7173670530319214,0.5963133038571438,0.7204201537815023,1
85,test,N1_awgn20,1,A14_voice_conversion,-0.014228077605366707,0.4964430332183838,0,0.8916346430778503,0.5933060646057129,0.9878012886801271,0.8309860632168922,1
85,test,N2_awgn10,1,A14_voice_conversion,-0.013302464038133621,0.49667444825172424,0,0.8381428718566895,0.5657378435134888,0.9967466105265063,0.8040024849546743,1
86,test,C0_clean,1,A16_voice_conversion,-0.017671873793005943,0.49558213353157043,0,0.9999997615814209,0.5978355407714844,0.9902578964487933,0.8764279357986517,1
86,test,C8_opus16,1,A16_voice_conversion,-0.015070343390107155,0.4962325096130371,0,0.9175591468811035,0.6041262745857239,0.9975958212951119,0.8475402875166922,1
86,test,C9_opus6,1,A16_voice_conversion,-0.016286157071590424,0.495928555727005,0,0.813368558883667,0.7170284390449524,0.6032041327195562,0.7214171950828194,1
86,test,N1_awgn20,1,A16_voice_conversion,-0.014207694679498672,0.4964480996131897,0,0.8759604692459106,0.5900704860687256,0.9939815436877115,0.8255997966252953,1
86,test,N2_awgn10,1,A16_voice_conversion,-0.013366438448429108,0.49665844440460205,0,0.834155797958374,0.5750371217727661,0.9942468174693665,0.8044475009559894,1
87,test,C0_clean,1,A17_hybrid_tts,-0.017671873793005943,0.49558213353157043,0,0.9999997615814209,0.5978355407714844,1.0012387953190385,0.8797222054597253,1
87,test,C8_opus16,1,A17_hybrid_tts,-0.015088178217411041,0.49622800946235657,0,0.9117702841758728,0.6024069786071777,0.9974624504214948,0.8446689423789508,1
87,test,C9_opus6,1,A17_hybrid_tts,-0.016323130577802658,0.4959193170070648,0,0.8167046904563904,0.7235853672027588,0.5976014551184332,0.7230379228789138,1
87,test,N1_awgn20,1,A17_hybrid_tts,-0.01435888186097145,0.4964103400707245,0,0.8643718957901001,0.593224287033081,0.992291592883449,0.8214035222909991,1
87,test,N2_awgn10,1,A17_hybrid_tts,-0.01326749473810196,0.49668318033218384,0,0.8576591610908508,0.5748867988586426,0.9928881970480712,0.8133961632083544,1
88,test,C0_clean,1,A18_hybrid_tts,-0.017671873793005943,0.49558213353157043,0,0.9999997615814209,0.5978355407714844,0.9932105248570419,0.8773137243211263,1
88,test,C8_opus16,1,A18_hybrid_tts,-0.015089007094502449,0.49622783064842224,0,0.9063262939453125,0.6103406548500061,0.9970756152146084,0.8447553985975094,1
88,test,C9_opus6,1,A18_hybrid_tts,-0.01628989353775978,0.4959276020526886,0,0.8157221674919128,0.7129352688789368,0.5958282359631252,0.7189179184493837,1
88,test,N1_awgn20,1,A18_hybrid_tts,-0.01423029787838459,0.4964424967765808,0,0.8695980906486511,0.58860844373703,0.9857667654917828,0.8201517990281043,1
88,test,N2_awgn10,1,A18_hybrid_tts,-0.013304926455020905,0.4966737926006317,0,0.8351094126701355,0.5808075666427612,0.9869643032593196,0.8043753260386783,1
89,test,C0_clean,1,A19_hybrid_tts,-0.017671873793005943,0.49558213353157043,0,0.9999997615814209,0.5978354811668396,0.9961156763379297,0.8781852518839992,1
89,test,C8_opus16,1,A19_hybrid_tts,-0.015064720064401627,0.49623388051986694,0,0.9191135168075562,0.6043949127197266,0.9963143326569381,0.8478581803360219,1
89,test,C9_opus6,1,A19_hybrid_tts,-0.016280263662338257,0.495930016040802,0,0.8122718334197998,0.7118858098983765,0.5931558507980755,0.7164212315768554,1
89,test,N1_awgn20,1,A19_hybrid_tts,-0.0143897645175457,0.49640265107154846,0,0.8931142687797546,0.5917245745658875,1.0024556306506414,0.8354997690768604,1
89,test,N2_awgn10,1,A19_hybrid_tts,-0.013293249532580376,0.4966767430305481,0,0.8645095825195312,0.5625646710395813,0.994798545680298,0.8130127980237764,1
90,test,C0_clean,1,A07_neural_vocoder,-0.017671873793005943,0.49558213353157043,0,0.9999997615814209,0.5978354811668396,0.9898193876792569,0.8762963652863973,1
90,test,C8_opus16,1,A07_neural_vocoder,-0.015067202970385551,0.4962332546710968,0,0.9008870720863342,0.6020252108573914,1.0023512878756038,0.8416677784544322,1
90,test,C9_opus6,1,A07_neural_vocoder,-0.016355164349079132,0.49591130018234253,0,0.804614782333374,0.722915530204773,0.600088050903346,0.7187469872657853,1
90,test,N1_awgn20,1,A07_neural_vocoder,-0.014299554750323296,0.49642518162727356,0,0.8777040243148804,0.5873753428459167,0.9894858811253907,0.8241399769173444,1
90,test,N2_awgn10,1,A07_neural_vocoder,-0.01346920058131218,0.49663275480270386,0,0.8150136470794678,0.5768097043037415,0.9870019987223455,0.7951489697396132,1
91,test,C0_clean,1,A08_neural_vocoder,-0.017671873793005943,0.49558213353157043,0,0.9999997615814209,0.5978354811668396,0.996389019246509,0.878267254756573,1
91,test,C8_opus16,1,A08_neural_vocoder,-0.015079554170370102,0.49623018503189087,0,0.9200299978256226,0.6063492894172668,0.9963838702882144,0.8488319470418935,1
91,test,C9_opus6,1,A08_neural_vocoder,-0.016343068331480026,0.4959143400192261,0,0.8237898945808411,0.71640545129776,0.6024843759340811,0.7251829060018887,1
91,test,N1_awgn20,1,A08_neural_vocoder,-0.014167910441756248,0.4964580833911896,0,0.8790864944458008,0.593359649181366,0.9892770205617932,0.8264255987012681,1
91,test,N2_awgn10,1,A08_neural_vocoder,-0.01308339461684227,0.49672919511795044,0,0.8665508031845093,0.5741317272186279,0.9935123973450631,0.816913558642911,1
92,test,C0_clean,1,A10_neural_vocoder,-0.017671873793005943,0.49558213353157043,0,0.9999997615814209,0.5978355407714844,0.999409642122989,0.8791734595009104,1
92,test,C8_opus16,1,A10_neural_vocoder,-0.015071343630552292,0.49623221158981323,0,0.9200592637062073,0.6121706366539001,0.9928917947608754,0.8495424349069156,1
92,test,C9_opus6,1,A10_neural_vocoder,-0.016322622075676918,0.49591943621635437,0,0.8048127293586731,0.721936821937561,0.6024755877497565,0.7192488146496645,1
92,test,N1_awgn20,1,A10_neural_vocoder,-0.014107763767242432,0.49647313356399536,0,0.8823392987251282,0.5937727689743042,0.985788174130041,0.8268040024213548,1
92,test,N2_awgn10,1,A10_neural_vocoder,-0.012914691120386124,0.4967713952064514,0,0.8535406589508057,0.5738610029220581,0.9945666251292659,0.8119445519957195,1
93,test,C0_clean,1,A13_voice_conversion,-0.017671873793005943,0.49558213353157043,0,0.9999997615814209,0.5978354811668396,0.9998843474833339,0.8793158532276204,1
93,test,C8_opus16,1,A13_voice_conversion,-0.015073901042342186,0.4962315857410431,0,0.9076931476593018,0.6054651737213135,0.9937772479539263,0.8428499855662928,1
93,test,C9_opus6,1,A13_voice_conversion,-0.016337499022483826,0.4959157407283783,0,0.8114239573478699,0.7152257561683655,0.6018158352769373,0.7196820603727387,1
93,test,N1_awgn20,1,A13_voice_conversion,-0.014299243688583374,0.4964252710342407,0,0.8829201459884644,0.5932261943817139,1.0000993106214435,0.831165709896333,1
93,test,N2_awgn10,1,A13_voice_conversion,-0.013203591108322144,0.49669915437698364,0,0.8505933284759521,0.5715020895004272,0.994329786237162,0.8099868941116577,1
94,test,C0_clean,1,A14_voice_conversion,-0.017671873793005943,0.49558213353157043,0,0.9999997615814209,0.5978354811668396,0.9972935679120932,0.8785386193562482,1
94,test,C8_opus16,1,A14_voice_conversion,-0.01507716253399849,0.496230810880661,0,0.9168442487716675,0.6036102175712585,0.994753774081482,0.8462468970044892,1
94,test,C9_opus6,1,A14_voice_conversion,-0.016335386782884598,0.4959162473678589,0,0.8209201097488403,0.7157513499259949,0.5981398910056185,0.7225354161790203,1
94,test,N1_awgn20,1,A14_voice_conversion,-0.01423599198460579,0.4964410662651062,0,0.900348961353302,0.594124436378479,0.9889662446096066,0.8350667888377465,1
94,test,N2_awgn10,1,A14_voice_conversion,-0.013365743681788445,0.4966586232185364,0,0.815647542476654,0.574348509311676,0.9946501067110327,0.7969586017974741,1
95,test,C0_clean,1,A16_voice_conversion,-0.017671873793005943,0.49558213353157043,0,0.9999997615814209,0.5978355407714844,0.9874150595149543,0.8755750847185,1
95,test,C8_opus16,1,A16_voice_conversion,-0.015080628916621208,0.496229887008667,0,0.9117388129234314,0.6023451089859009,0.9943906584095246,0.8437162553880002,1
95,test,C9_opus6,1,A16_voice_conversion,-0.01627448946237564,0.495931476354599,0,0.8121013045310974,0.7206112742424011,0.5986288913223977,0.7206125714818786,1
95,test,N1_awgn20,1,A16_voice_conversion,-0.014240609481930733,0.4964398741722107,0,0.8948091268539429,0.5883504748344421,1.0022123275047854,0.8350924914433455,1
95,test,N2_awgn10,1,A16_voice_conversion,-0.013503488153219223,0.4966241717338562,0,0.8265626430511475,0.5753402709960938,0.9949800960360488,0.8017211673301017,1
96,test,C0_clean,1,A17_hybrid_tts,-0.017671873793005943,0.49558213353157043,0,0.9999997615814209,0.5978354811668396,0.9964939227268228,0.8782987258006671,1
96,test,C8_opus16,1,A17_hybrid_tts,-0.015082867816090584,0.496229350566864,0,0.9008476734161377,0.6050611734390259,0.987131338725223,0.8379968230157298,1
96,test,C9_opus6,1,A17_hybrid_tts,-0.016332566738128662,0.4959169328212738,0,0.8261181116104126,0.7161503434181213,0.6017680039767455,0.7258227488626251,1
96,test,N1_awgn20,1,A17_hybrid_tts,-0.014250915497541428,0.49643731117248535,0,0.8618262410163879,0.5914240479469299,0.990420819476161,0.8192839566334824,1
96,test,N2_awgn10,1,A17_hybrid_tts,-0.0132109634578228,0.4966973066329956,0,0.8319495320320129,0.5723456144332886,0.9953245298848961,0.8030808561082606,1
97,test,C0_clean,1,A18_hybrid_tts,-0.017671873793005943,0.49558213353157043,0,0.9999997615814209,0.5978355407714844,0.9932293670543526,0.8773193769803196,1
97,test,C8_opus16,1,A18_hybrid_tts,-0.01509288139641285,0.49622687697410583,0,0.9064393043518066,0.6054474115371704,0.9961832930469925,0.8430649331159716,1
97,test,C9_opus6,1,A18_hybrid_tts,-0.016271155327558517,0.49593231081962585,0,0.8196164965629578,0.7141177654266357,0.5981094495545838,0.7215147631195489,1
97,test,N1_awgn20,1,A18_hybrid_tts,-0.01427469216287136,0.4964313805103302,0,0.8811958432197571,0.5891239643096924,0.99233407419158,0.8269157488382846,1
97,test,N2_awgn10,1,A18_hybrid_tts,-0.013068016618490219,0.49673303961753845,0,0.8543627262115479,0.5760870575904846,0.9898016558772892,0.8115117045249514,1
98,test,C0_clean,1,A19_hybrid_tts,-0.017671873793005943,0.49558213353157043,0,0.9999997615814209,0.5978354811668396,1.001625683220194,0.8798382539486784,1
98,test,C8_opus16,1,A19_hybrid_tts,-0.015067655593156815,0.49623316526412964,0,0.9186341166496277,0.6028926968574524,1.0013816333985737,0.8487359457366589,1
98,test,C9_opus6,1,A19_hybrid_tts,-0.016336075961589813,0.49591606855392456,0,0.8101253509521484,0.7275444269180298,0.6002549902964489,0.722389965545203,1
98,test,N1_awgn20,1,A19_hybrid_tts,-0.014323452487587929,0.496419221162796,0,0.8761160373687744,0.5960837006568909,0.99216033489096,0.8269196256118649,1
98,test,N2_awgn10,1,A19_hybrid_tts,-0.013061325997114182,0.49673470854759216,0,0.8216880559921265,0.574567437171936,0.9999046516094445,0.8010168490312648,1
99,test,C0_clean,1,A07_neural_vocoder,-0.017671873793005943,0.49558213353157043,0,0.9999997615814209,0.5978355407714844,0.9991890355720475,0.879107277535628,1
99,test,C8_opus16,1,A07_neural_vocoder,-0.015086064115166664,0.49622857570648193,0,0.9059938192367554,0.6059839725494385,0.9921044772448588,0.8418240626329914,1
99,test,C9_opus6,1,A07_neural_vocoder,-0.016304193064570427,0.4959240257740021,0,0.8020402789115906,0.7183608412742615,0.6009235694216795,0.7166014347734184,1
99,test,N1_awgn20,1,A07_neural_vocoder,-0.01420074887573719,0.49644985795021057,0,0.8839272260665894,0.5872179865837097,0.9945818656414576,0.828110846094186,1
99,test,N2_awgn10,1,A07_neural_vocoder,-0.013585394248366356,0.49660372734069824,0,0.8824286460876465,0.5737418532371521,0.9918219025555078,0.8226405851728565,1
