sample_idx,condition,attack_type,stability,sba,fp,ecs,ecs_nr,trusted
0,C0_clean,bonafide,1.0,0.55,0.9977548719254473,0.8643264615776343,0.32199787169694905,1
0,C8_opus16,bonafide,0.9825853109359741,0.55,0.9936939561426077,0.856142311217172,0.33144082069396974,1
0,C9_opus6,bonafide,0.16129562258720398,0.08726834570373723,0.6473763844652217,0.2849116680855693,0.18,0
0,N1_awgn20,bonafide,0.853147566318512,0.55,0.994549087238456,0.8046237526989417,0.3080424945056439,1
0,N2_awgn10,bonafide,0.7728990316390991,0.55,0.9962015477733912,0.773020076987657,0.3145789147913456,1
1,C0_clean,bonafide,1.0,0.55,0.99362773739928,0.8630883212197841,0.32199787169694905,1
1,C8_opus16,bonafide,0.9825854301452637,0.55,0.9943493255977509,0.8563389697374307,0.33144082069396974,1
1,C9_opus6,bonafide,0.16380445659160614,0.07637851699795656,0.5358113803177128,0.24917875183134328,0.18,0
1,N1_awgn20,bonafide,0.8245860934257507,0.55,0.9980049513891532,0.7942359227870462,0.3268487095832825,1
1,N2_awgn10,bonafide,0.8028528690338135,0.55,0.9938820302433915,0.7843057566865429,0.31294307053089143,1
2,C0_clean,bonafide,1.0,0.55,0.9997517744375175,0.8649255323312552,0.32199787169694905,1
2,C8_opus16,bonafide,0.9825854301452637,0.55,0.9999052737769408,0.8580057541911876,0.3314408086240292,1
2,C9_opus6,bonafide,0.16455943882465363,0.08044508454698249,0.6246763473630956,0.2773602051028849,0.18,0
2,N1_awgn20,bonafide,0.8620787262916565,0.55,0.9805950414309594,0.8040100029459505,0.298885573297739,1
2,N2_awgn10,bonafide,0.7962145209312439,0.55,0.992076130951244,0.7811086476578708,0.3114454461634159,1
3,C0_clean,bonafide,1.0,0.55,0.9846747237375725,0.8604024171212719,0.32199787169694905,1
3,C8_opus16,bonafide,0.9825854301452637,0.55,0.9902487778940369,0.8551088054263165,0.33144082069396974,1
3,C9_opus6,bonafide,0.17065933346748352,0.07670162075862798,0.6040328664788406,0.27248407955823395,0.18,0
3,N1_awgn20,bonafide,0.8559102416038513,0.55,0.9985313714173842,0.8069235080667558,0.2970554120838642,1
3,N2_awgn10,bonafide,0.7980310916900635,0.55,0.9987130264329633,0.7838263446059144,0.3086241747438908,1
4,C0_clean,bonafide,1.0,0.55,0.9971475952268689,0.8641442785680606,0.32199790447950366,1
4,C8_opus16,bonafide,0.9825854897499084,0.55,0.9991485066318886,0.85777874788953,0.3314408086240292,1
4,C9_opus6,bonafide,0.17044900357723236,0.0765488968291763,0.6243757746718259,0.2784570028811936,0.18,0
4,N1_awgn20,bonafide,0.8254281282424927,0.55,0.9994983756686859,0.7950207639976029,0.2920129109919072,1
4,N2_awgn10,bonafide,0.7872014045715332,0.55,0.9896831228065386,0.7767854986705749,0.31315673604607586,1
5,C0_clean,bonafide,1.0,0.55,0.9947129289404869,0.8634138786821461,0.32199787169694905,1
5,C8_opus16,bonafide,0.9825854301452637,0.55,0.9887683600522781,0.8546646800737889,0.3314408086240292,1
5,C9_opus6,bonafide,0.1727902889251709,0.07124314806451447,0.6312747485201826,0.2798714845454775,0.18,0
5,N1_awgn20,bonafide,0.8509737849235535,0.55,0.997788109839608,0.8047259469213038,0.27642842546105384,1
5,N2_awgn10,bonafide,0.7724979519844055,0.55,0.994980712549464,0.7724933945586014,0.29142499282956125,1
6,C0_clean,bonafide,1.0,0.55,0.9943805213970237,0.8633141564191071,0.32199790447950366,1
6,C8_opus16,bonafide,0.9825854301452637,0.55,0.9987419583927254,0.857656759575923,0.3314408086240292,1
6,C9_opus6,bonafide,0.1866789311170578,0.08148747121160403,0.5789384071836794,0.2727993359654082,0.18,0
6,N1_awgn20,bonafide,0.847990095615387,0.55,0.989548665797144,0.801060637985298,0.33968550428748134,1
6,N2_awgn10,bonafide,0.786255955696106,0.55,0.9920414686627265,0.7771148228772604,0.32257020652294166,1
7,C0_clean,bonafide,1.0,0.55,0.9938267259982064,0.8631480177994619,0.32199790447950366,1
7,C8_opus16,bonafide,0.9825854301452637,0.55,0.9947903971358955,0.8564712911988741,0.3314408086240292,1
7,C9_opus6,bonafide,0.1717747002840042,0.0806959084507975,0.6421187621597788,0.28555428129677457,0.18,0
7,N1_awgn20,bonafide,0.8565676212310791,0.55,0.9980084884786885,0.8070295950360382,0.3157844881713391,1
7,N2_awgn10,bonafide,0.8099192976951599,0.55,0.9886097651109207,0.7855506486113402,0.32239183366298674,1
8,C0_clean,bonafide,1.0,0.55,0.9977882459753794,0.8643364737926138,0.32199787169694905,1
8,C8_opus16,bonafide,0.9825854301452637,0.55,0.9959757897064246,0.8568269089700329,0.3314408086240292,1
8,C9_opus6,bonafide,0.16519466042518616,0.08527119037555751,0.642083829328083,0.2842843700811666,0.18,0
8,N1_awgn20,bonafide,0.8293613195419312,0.55,0.9969713743404182,0.7958359401188979,0.31341280221939094,1
8,N2_awgn10,bonafide,0.8305080533027649,0.55,0.9988844813468337,0.7968685657251561,0.2807508957386017,1
9,C0_clean,bonafide,1.0,0.55,0.9967521340364671,0.8640256402109402,0.32199790447950366,1
9,C8_opus16,bonafide,0.9825854301452637,0.55,0.9909047818712222,0.8553056066194722,0.33144082069396974,1
9,C9_opus6,bonafide,0.1660396009683609,0.08290589959862478,0.5725592720621616,0.26305539188558025,0.18,0
9,N1_awgn20,bonafide,0.8537064790725708,0.55,0.9936997497958104,0.8045925165677714,0.3209113202989102,1
9,N2_awgn10,bonafide,0.8010963201522827,0.55,0.9902079389730748,0.7825009097528356,0.3005260868370533,1
10,C0_clean,bonafide,1.0,0.55,0.9878252841541731,0.861347585246252,0.32199787169694905,1
10,C8_opus16,bonafide,0.9825854301452637,0.55,0.9975104056953161,0.8572872937667002,0.33144082069396974,1
10,C9_opus6,bonafide,0.17065145075321198,0.07692699010675516,0.6156582469685069,0.2760361514238634,0.18,0
10,N1_awgn20,bonafide,0.8479476571083069,0.55,0.998008048587631,0.8035814774196122,0.30088914409279827,1
10,N2_awgn10,bonafide,0.8075534105300903,0.55,0.9991569265361282,0.7877684421728746,0.33309902623295784,1
11,C0_clean,bonafide,1.0,0.55,0.9866787183753206,0.8610036155125962,0.32199787169694905,1
11,C8_opus16,bonafide,0.9825853109359741,0.55,0.9997368149259683,0.8579551688521803,0.3314407879114151,1
11,C9_opus6,bonafide,0.16748951375484467,0.08506244972617556,0.566087158406384,0.26234068794170573,0.18,0
11,N1_awgn20,bonafide,0.8490741848945618,0.55,0.9978454137739081,0.8039832980899972,0.29397197723388674,1
11,N2_awgn10,bonafide,0.7781745195388794,0.55,0.9933165326403911,0.7742647676076692,0.32280271321535114,1
12,C0_clean,bonafide,1.0,0.55,0.9937793684318867,0.8631338105295661,0.32199787169694905,1
12,C8_opus16,bonafide,0.9825854301452637,0.55,0.9981897234300385,0.857491089087117,0.3314408086240292,1
12,C9_opus6,bonafide,0.18712548911571503,0.08252362853801166,0.6003900567563372,0.2797243012345907,0.18,0
12,N1_awgn20,bonafide,0.8317683339118958,0.55,0.9945595475658687,0.796075197834519,0.3219547957181931,1
12,N2_awgn10,bonafide,0.7973450422286987,0.55,0.9974649616051098,0.7831775053730125,0.3205422067642212,1
13,C0_clean,bonafide,1.0,0.55,0.9914277409104455,0.8624283222731337,0.32199787169694905,1
13,C8_opus16,bonafide,0.9825854301452637,0.55,0.996164095482768,0.8568834007029358,0.3314408086240292,1
13,C9_opus6,bonafide,0.19058600068092346,0.08904538213913613,0.6233114938471083,0.2899414630682427,0.18,0
13,N1_awgn20,bonafide,0.8431221842765808,0.55,0.9995336502820203,0.8021089687952384,0.29864438995718956,1
13,N2_awgn10,bonafide,0.8210217952728271,0.55,0.989464970196918,0.7902482091682064,0.2894700704514981,1
14,C0_clean,bonafide,1.0,0.55,0.9917148081897383,0.8625144424569215,0.32199787169694905,1
14,C8_opus16,bonafide,0.9825853109359741,0.55,0.9967734327442546,0.8570661541976661,0.33144082069396974,1
14,C9_opus6,bonafide,0.18669246137142181,0.08497370613346544,0.6324915372952583,0.2899165575771859,0.18,0
14,N1_awgn20,bonafide,0.8398431539535522,0.55,0.9961371579085442,0.7997784089539841,0.31529967710375784,1
14,N2_awgn10,bonafide,0.8273822665214539,0.55,0.9988913043603308,0.7956202979166809,0.33575334861874584,1
15,C0_clean,bonafide,1.0,0.55,0.9999264675108386,0.8649779402532516,0.32199826508760454,1
15,C8_opus16,bonafide,0.9825854301452637,0.55,0.9960987858058973,0.8568638077998747,0.3314408086240292,1
15,C9_opus6,bonafide,0.1808071732521057,0.08424834003996606,0.6052854276615696,0.279182999611303,0.18,0
15,N1_awgn20,bonafide,0.836998701095581,0.55,0.9977898954894878,0.7991364490850787,0.2837944807112217,1
15,N2_awgn10,bonafide,0.825871467590332,0.55,0.9996059038902244,0.7952303582032001,0.2948971377313137,1
16,C0_clean,bonafide,1.0,0.55,0.9888580081185051,0.8616574024355516,0.32199790447950366,1
16,C8_opus16,bonafide,0.9825854897499084,0.55,0.9834153380426871,0.8530587973127695,0.33144082069396974,1
16,C9_opus6,bonafide,0.16238927841186523,0.08060716864881946,0.5785408887222009,0.2627001285760522,0.18,0
16,N1_awgn20,bonafide,0.8258138298988342,0.55,0.9991443896443819,0.7950688488528483,0.2949073141813279,1
16,N2_awgn10,bonafide,0.8149583339691162,0.55,0.9959447179420087,0.7897667489702491,0.31319315314292906,1
17,C0_clean,bonafide,1.0,0.55,0.9950665401963092,0.8635199620588928,0.32199787169694905,1
17,C8_opus16,bonafide,0.9825854301452637,0.55,0.9900616127716917,0.855052655889613,0.3314408086240292,1
17,C9_opus6,bonafide,0.16823184490203857,0.07966100018382707,0.6498390519182446,0.2861427535914369,0.18,0
17,N1_awgn20,bonafide,0.8398091197013855,0.55,0.9927933415550794,0.798761650347078,0.2816770996153355,1
17,N2_awgn10,bonafide,0.7817782163619995,0.55,0.9992455143395403,0.777484940846662,0.3362178671360016,1
18,C0_clean,bonafide,1.0,0.55,0.9860847992432616,0.8608254397729785,0.3219982323050499,1
18,C8_opus16,bonafide,0.9825854897499084,0.55,0.996055860146907,0.8568509539440354,0.33144082069396974,1
18,C9_opus6,bonafide,0.17118564248085022,0.0861803721070535,0.6133145828443868,0.2783227434777722,0.18,0
18,N1_awgn20,bonafide,0.8374316096305847,0.55,0.9935414231254343,0.7980350707898642,0.28450610920786856,1
18,N2_awgn10,bonafide,0.7872177958488464,0.55,0.9989146485177011,0.7795615128948489,0.29732366845011715,1
19,C0_clean,bonafide,1.0,0.55,0.9910246283157649,0.8623073884947294,0.32199787169694905,1
19,C8_opus16,bonafide,0.9825854301452637,0.55,0.995509797043417,0.8566871111711305,0.3314408086240292,1
19,C9_opus6,bonafide,0.16031886637210846,0.07715221733082898,0.6704399078535097,0.28840518410414495,0.18,0
19,N1_awgn20,bonafide,0.8491696715354919,0.55,0.9971472835356614,0.8038120536748952,0.3074805468320847,1
19,N2_awgn10,bonafide,0.8103897571563721,0.55,0.9983167129948107,0.7886509167609921,0.2778080751001835,1
20,C0_clean,bonafide,1.0,0.55,0.9972185763013062,0.8641655728903919,0.32199787169694905,1
20,C8_opus16,bonafide,0.9825854301452637,0.55,0.9950706349471287,0.8565553625422441,0.33144082069396974,1
20,C9_opus6,bonafide,0.1736341416835785,0.08090141859958164,0.5954464471489325,0.2723580163979856,0.18,0
20,N1_awgn20,bonafide,0.8577176332473755,0.55,0.9970644730798406,0.8072063952229024,0.31033754706382755,1
20,N2_awgn10,bonafide,0.8077906966209412,0.55,0.9950798720214356,0.7866402402548072,0.3206606301665307,1
21,C0_clean,bonafide,1.0,0.55,0.997545205538643,0.864263561661593,0.32199787169694905,1
21,C8_opus16,bonafide,0.9825854301452637,0.55,0.9930663086223686,0.855954064644816,0.3314408086240292,1
21,C9_opus6,bonafide,0.1870589256286621,0.08483531436591536,0.6263026394985698,0.2881649564108104,0.18,0
21,N1_awgn20,bonafide,0.8457226753234863,0.55,0.9945399534360775,0.8016510561602179,0.3031420585513115,1
21,N2_awgn10,bonafide,0.7748069167137146,0.55,0.9955868526745055,0.7735988224878374,0.32152157977223395,1
22,C0_clean,bonafide,1.0,0.55,0.9933471624269081,0.8630041487280724,0.32199790447950366,1
22,C8_opus16,bonafide,0.9825854301452637,0.55,0.9898715609020164,0.8549956403287104,0.33144082069396974,1
22,C9_opus6,bonafide,0.18232335150241852,0.08465383384201468,0.6391643642146299,0.29007480001796077,0.18,0
22,N1_awgn20,bonafide,0.8576363921165466,0.55,0.9922628236893782,0.8057334039534322,0.27921045467257505,1
22,N2_awgn10,bonafide,0.7909881472587585,0.55,0.99343671026444,0.7794262719828354,0.2828558807075024,1
23,C0_clean,bonafide,1.0,0.55,0.9946083911727235,0.863382517351817,0.32199790447950366,1
23,C8_opus16,bonafide,0.9825854301452637,0.55,0.9981798972526871,0.8574881412339116,0.33144082069396974,1
23,C9_opus6,bonafide,0.16812387108802795,0.08332787203978417,0.6200116831040937,0.2782514149783745,0.18,0
23,N1_awgn20,bonafide,0.8237055540084839,0.55,0.9991050904769431,0.7942137487464765,0.34270991772413256,1
23,N2_awgn10,bonafide,0.823062539100647,0.55,0.9997815859250316,0.7941594914177683,0.3169403955340385,1
24,C0_clean,bonafide,1.0,0.55,0.9879969153489487,0.8613990746046847,0.32199790447950366,1
24,C8_opus16,bonafide,0.9825853109359741,0.55,0.99453735238557,0.8563953300900606,0.33144082069396974,1
24,C9_opus6,bonafide,0.17742159962654114,0.07267854807354224,0.6073489971332616,0.27497690341265757,0.18,0
24,N1_awgn20,bonafide,0.8553707599639893,0.55,0.9978125321467041,0.8064920636296069,0.28723211839795115,1
24,N2_awgn10,bonafide,0.8062649965286255,0.55,0.9982291269056167,0.7869747366831352,0.30499693244695664,1
25,C0_clean,bonafide,1.0,0.55,0.9938125345158826,0.8631437603547648,0.32199787169694905,1
25,C8_opus16,bonafide,0.9825854897499084,0.55,0.9924146397394082,0.8557585878217859,0.3314408086240292,1
25,C9_opus6,bonafide,0.18652963638305664,0.07252645752347288,0.5998631151302911,0.27632872634935185,0.18,0
25,N1_awgn20,bonafide,0.8294730186462402,0.55,0.9986612935621901,0.7963875955271531,0.3203789141774178,1
25,N2_awgn10,bonafide,0.7786672115325928,0.55,0.9885227410127623,0.7730237069168657,0.3305966095626355,1
26,C0_clean,bonafide,1.0,0.55,0.9990054792991601,0.8647016437897481,0.32199787169694905,1
26,C8_opus16,bonafide,0.9825854301452637,0.55,0.9990125545484311,0.8577379384226348,0.33144082069396974,1
26,C9_opus6,bonafide,0.16297286748886108,0.08131482000580595,0.6007353052277683,0.2698041845656167,0.18,0
26,N1_awgn20,bonafide,0.8377575278282166,0.55,0.998628939177678,0.7996916928845901,0.3275564953684807,1
26,N2_awgn10,bonafide,0.8165494799613953,0.55,0.9927851311148767,0.7894553313190211,0.2988294851779938,1
27,C0_clean,bonafide,1.0,0.55,0.9928011066811864,0.862840332004356,0.32199790447950366,1
27,C8_opus16,bonafide,0.9825854301452637,0.55,0.9921878845004464,0.8556905374082393,0.33144082069396974,1
27,C9_opus6,bonafide,0.16375741362571716,0.07934702193562215,0.5456960602501195,0.25301589010600933,0.18,0
27,N1_awgn20,bonafide,0.8508376479148865,0.55,0.9997163377134374,0.8052499604799859,0.2994679699838162,1
27,N2_awgn10,bonafide,0.7740873098373413,0.55,0.989553296573722,0.7715009129070531,0.3160377244651318,1
28,C0_clean,bonafide,1.0,0.55,0.9948909073216387,0.8634672721964917,0.32199787169694905,1
28,C8_opus16,bonafide,0.9825853109359741,0.55,0.9922624322583712,0.855712854051901,0.3314408086240292,1
28,C9_opus6,bonafide,0.18845055997371674,0.0733235343362002,0.5486059641272737,0.2619590735285289,0.18,0
28,N1_awgn20,bonafide,0.8460323810577393,0.55,0.9940503984749759,0.8016280719655884,0.3252318458259106,1
28,N2_awgn10,bonafide,0.8319355845451355,0.55,0.9925920386592605,0.7955518454158323,0.3112278378009796,1
29,C0_clean,bonafide,1.0,0.55,0.9987709556981651,0.8646312867094496,0.32199787169694905,1
29,C8_opus16,bonafide,0.9825854301452637,0.55,0.9966334980579238,0.8570242214754826,0.3314408086240292,1
29,C9_opus6,bonafide,0.19133689999580383,0.08993521629470076,0.6093737544329384,0.2863274512166133,0.18,0
29,N1_awgn20,bonafide,0.8632233738899231,0.55,0.9926437487227378,0.8080824741727906,0.3064018659293652,1
29,N2_awgn10,bonafide,0.8276259899139404,0.55,0.995757948130062,0.7947777804045948,0.30154970809817316,1
30,C0_clean,bonafide,1.0,0.55,0.9999565962318849,0.8649869788695655,0.32199787169694905,1
30,C8_opus16,bonafide,0.9825854897499084,0.55,0.9890762411927643,0.8547570682577927,0.33144082069396974,1
30,C9_opus6,bonafide,0.1634829193353653,0.0833119923618682,0.6465345592656757,0.2843471332224093,0.18,0
30,N1_awgn20,bonafide,0.8405097723007202,0.55,0.9995618090900374,0.8010724516472993,0.33033194035291674,1
30,N2_awgn10,bonafide,0.7939464449882507,0.55,0.9943475078255641,0.7808828303429696,0.29069294571876525,1
31,C0_clean,bonafide,1.0,0.55,0.9948240871478145,0.8634472261443444,0.32199787169694905,1
31,C8_opus16,bonafide,0.9825854897499084,0.55,0.9990930246151384,0.8577621032845049,0.3314408086240292,1
31,C9_opus6,bonafide,0.16459330916404724,0.07376313174028154,0.6433301637594543,0.2809653123155396,0.18,0
31,N1_awgn20,bonafide,0.8557291626930237,0.55,0.9973573126374214,0.8064988588684359,0.31348521754145625,1
31,N2_awgn10,bonafide,0.8197010159492493,0.55,0.9998539870794269,0.7928366025035278,0.28613410443067555,1
32,C0_clean,bonafide,1.0,0.55,0.9803400100753678,0.8591020030226104,0.32199787169694905,1
32,C8_opus16,bonafide,0.9825854301452637,0.55,0.9911255409139347,0.8553718343322858,0.3314408086240292,1
32,C9_opus6,bonafide,0.17382463812828064,0.07663803669946354,0.5608659149848544,0.26078104075660763,0.18,0
32,N1_awgn20,bonafide,0.8406882286071777,0.55,0.9865368981757644,0.7972363608956003,0.3005888229608536,1
32,N2_awgn10,bonafide,0.7857205867767334,0.55,0.9968793506946678,0.7783520399190937,0.30811763510108,1
33,C0_clean,bonafide,1.0,0.55,0.996856661502487,0.8640569984507461,0.32199787169694905,1
33,C8_opus16,bonafide,0.9825854301452637,0.55,0.9964233961974069,0.8569611909173276,0.33144082069396974,1
33,C9_opus6,bonafide,0.16163025796413422,0.07348924880401532,0.5832292352029843,0.2616676483877536,0.18,0
33,N1_awgn20,bonafide,0.8482266664505005,0.55,0.9963127165990483,0.8031844815599147,0.3175612838566303,1
33,N2_awgn10,bonafide,0.8116918802261353,0.55,0.9962302344726883,0.7885458224322606,0.3599712030589581,1
34,C0_clean,bonafide,1.0,0.55,0.9836777467954552,0.8601033240386367,0.32199787169694905,1
34,C8_opus16,bonafide,0.9825854301452637,0.55,0.9869630254840586,0.854123079703323,0.33144082069396974,1
34,C9_opus6,bonafide,0.18632575869560242,0.08535615020949812,0.5840849655716842,0.27536263821259566,0.18,0
34,N1_awgn20,bonafide,0.8580824136734009,0.55,0.9981145652210469,0.8076673350356744,0.303601146787405,1
34,N2_awgn10,bonafide,0.8124901056289673,0.55,0.9877939513093961,0.7863342276444059,0.3086560699343681,1
35,C0_clean,bonafide,1.0,0.55,0.9969790289477729,0.8640937086843319,0.32199787169694905,1
35,C8_opus16,bonafide,0.9825854301452637,0.55,0.9868479425401734,0.8540885548201574,0.3314408086240292,1
35,C9_opus6,bonafide,0.1771792620420456,0.07263074157643541,0.5262975882940956,0.25055020377797754,0.18,0
35,N1_awgn20,bonafide,0.82302325963974,0.55,0.9956110834595734,0.792892628893768,0.31786728203296666,1
35,N2_awgn10,bonafide,0.8426511883735657,0.55,0.9943001135043334,0.8003505094007264,0.28891653567552567,1
36,C0_clean,bonafide,1.0,0.55,0.988524428618054,0.8615573285854162,0.32199787169694905,1
36,C8_opus16,bonafide,0.9825854897499084,0.55,0.989299423567877,0.8548240229703266,0.3314408086240292,1
36,C9_opus6,bonafide,0.17760267853736877,0.08523659595646492,0.5688826153702062,0.26727683481294884,0.18,0
36,N1_awgn20,bonafide,0.839203417301178,0.55,0.9987588831582564,0.8003090318679482,0.28253202110528947,1
36,N2_awgn10,bonafide,0.8180127143859863,0.55,0.9826351496355756,0.7869956306450673,0.3204716907441616,1
37,C0_clean,bonafide,1.0,0.55,0.9929304045023835,0.8628791213507151,0.32199787169694905,1
37,C8_opus16,bonafide,0.9825854301452637,0.55,0.991449401669872,0.855468992559067,0.3314408086240292,1
37,C9_opus6,bonafide,0.16323712468147278,0.07523559562680271,0.587596462835469,0.2641444674112706,0.18,0
37,N1_awgn20,bonafide,0.8434451222419739,0.55,0.991269924082803,0.7997590261216305,0.28351859569549565,1
37,N2_awgn10,bonafide,0.8213154673576355,0.55,0.9956160772152993,0.792211010107644,0.3142470023036003,1
38,C0_clean,bonafide,1.0,0.55,0.9953108835814904,0.8635932650744471,0.32199787169694905,1
38,C8_opus16,bonafide,0.9825854897499084,0.55,0.9989523836225442,0.8577199109867266,0.3314408086240292,1
38,C9_opus6,bonafide,0.18864323198795319,0.08140050806627225,0.5499178415663588,0.2648527976849706,0.18,0
38,N1_awgn20,bonafide,0.8336110711097717,0.55,0.9986997337957887,0.7980543485826452,0.34438372731208805,1
38,N2_awgn10,bonafide,0.773394763469696,0.55,0.9958743682861283,0.7731202158737169,0.30821226224303244,1
39,C0_clean,bonafide,1.0,0.55,0.9908288077743106,0.8622486423322933,0.32199787169694905,1
39,C8_opus16,bonafide,0.9825854301452637,0.55,0.9849582528077135,0.8535216479004195,0.33144082069396974,1
39,C9_opus6,bonafide,0.17591090500354767,0.07311561181128239,0.5516698317013433,0.2577999950552068,0.18,0
39,N1_awgn20,bonafide,0.854099452495575,0.55,0.9882999925487621,0.8031297787628586,0.3283653575181962,1
39,N2_awgn10,bonafide,0.8085408210754395,0.55,0.988350501546826,0.7849214788942236,0.3027998085319996,1
40,C0_clean,bonafide,1.0,0.55,0.9954705603292507,0.8636411680987752,0.32199787169694905,1
40,C8_opus16,bonafide,0.9825854301452637,0.55,0.9808116083361326,0.8522776545589452,0.33144082069396974,1
40,C9_opus6,bonafide,0.1704007089138031,0.08827058223645798,0.6111343762011392,0.2779817710968004,0.18,0
40,N1_awgn20,bonafide,0.8332341313362122,0.55,0.9985970772098438,0.797872775697438,0.32827095165848735,1
40,N2_awgn10,bonafide,0.8175410032272339,0.55,0.9958714647783017,0.7907778407243842,0.29841209486126896,1
41,C0_clean,bonafide,1.0,0.55,0.9993729952912384,0.8648118985873716,0.32199787169694905,1
41,C8_opus16,bonafide,0.9825854897499084,0.55,0.9951843577986053,0.856589503239545,0.33144082069396974,1
41,C9_opus6,bonafide,0.18441247940063477,0.08336194927003363,0.6108233527402028,0.28202058236332483,0.18,0
41,N1_awgn20,bonafide,0.831602156162262,0.55,0.9977589327105821,0.7969685422780795,0.32227002292871476,1
41,N2_awgn10,bonafide,0.7695294618606567,0.55,0.996000331907135,0.7716118843164033,0.3004458644986153,1
42,C0_clean,bonafide,1.0,0.55,0.993553948498923,0.863066184549677,0.32199787169694905,1
42,C8_opus16,bonafide,0.9825854897499084,0.55,0.9916631133210481,0.8555331298962778,0.33144082069396974,1
42,C9_opus6,bonafide,0.1720941960811615,0.08130278320113109,0.607068436743257,0.275349044415781,0.18,0
42,N1_awgn20,bonafide,0.8186951875686646,0.55,0.9891939722456411,0.7892362667011582,0.3440517930686474,1
42,N2_awgn10,bonafide,0.8145121335983276,0.55,0.9943103166355607,0.7890979484299994,0.27851345941424377,1
43,C0_clean,bonafide,1.0,0.55,0.9947615003580037,0.8634284501074012,0.32199787169694905,1
43,C8_opus16,bonafide,0.9825854897499084,0.55,0.9997604289266036,0.8579623245779444,0.3314408086240292,1
43,C9_opus6,bonafide,0.18350090086460114,0.07298801209813403,0.5754899568221732,0.26794375102193263,0.18,0
43,N1_awgn20,bonafide,0.8473452925682068,0.55,0.999666671280648,0.8038381184114771,0.3203922748565674,1
43,N2_awgn10,bonafide,0.8160669207572937,0.55,0.9956511635228734,0.7901221173597796,0.33443740516901016,1
44,C0_clean,bonafide,1.0,0.55,0.9904629256022436,0.8621388776806731,0.32199787169694905,1
44,C8_opus16,bonafide,0.9825854301452637,0.55,0.9899391253754246,0.8550159096707328,0.33144082069396974,1
44,C9_opus6,bonafide,0.16725768148899078,0.08470451515494018,0.6260881776031698,0.2801408804230293,0.18,0
44,N1_awgn20,bonafide,0.8412800431251526,0.55,0.9868256090190648,0.7975596999557806,0.3013666920363903,1
44,N2_awgn10,bonafide,0.7949000000953674,0.55,0.9906223732625679,0.7801467120169173,0.28796870142221453,1
45,C0_clean,bonafide,1.0,0.55,0.9962576011333935,0.8638772803400181,0.32199787169694905,1
45,C8_opus16,bonafide,0.9825854897499084,0.55,0.9882892637725968,0.8545209750317424,0.33144082069396974,1
45,C9_opus6,bonafide,0.18830689787864685,0.07284629775760358,0.6793071475019565,0.30096879272932675,0.18,0
45,N1_awgn20,bonafide,0.8583620190620422,0.55,0.9939738353868903,0.806536958240884,0.3019907282292843,1
45,N2_awgn10,bonafide,0.8287472128868103,0.55,0.9958909522614835,0.7952661708331692,0.2954280555248261,1
46,C0_clean,bonafide,1.0,0.55,0.9896375052403983,0.8618912515721195,0.32199787169694905,1
46,C8_opus16,bonafide,0.9825854301452637,0.55,0.9907334031924818,0.8552541930158499,0.3314408086240292,1
46,C9_opus6,bonafide,0.18841718137264252,0.08900123937587234,0.5703118553922426,0.27316080097949147,0.18,0
46,N1_awgn20,bonafide,0.8423192501068115,0.55,0.9832005572162222,0.7968878672075914,0.3015787063539028,1
46,N2_awgn10,bonafide,0.815617561340332,0.55,0.9983004130811528,0.7907371484604787,0.3100956277549267,1
47,C0_clean,bonafide,1.0,0.55,0.9947530012823927,0.8634259003847179,0.32199787169694905,1
47,C8_opus16,bonafide,0.9825854301452637,0.55,0.9864116088166618,0.853957654703104,0.3314408086240292,1
47,C9_opus6,bonafide,0.1877194494009018,0.07642520851875843,0.5754457734887283,0.2706490743626067,0.18,0
47,N1_awgn20,bonafide,0.8456128835678101,0.55,0.9932390318525111,0.8012168629828773,0.2972291807830334,1
47,N2_awgn10,bonafide,0.75,0.55,0.9986966135592806,0.7646089840677843,0.3332466958463192,1
48,C0_clean,bonafide,1.0,0.55,0.9906702394363356,0.8622010718309008,0.32199826508760454,1
48,C8_opus16,bonafide,0.9825853109359741,0.55,0.9799224925292849,0.8520108721331752,0.3314408086240292,1
48,C9_opus6,bonafide,0.1617041677236557,0.0833764741592368,0.591933339283355,0.2672746111222398,0.18,0
48,N1_awgn20,bonafide,0.8444232940673828,0.55,0.9864005370788539,0.7986894787506094,0.3069570899009705,1
48,N2_awgn10,bonafide,0.8206292986869812,0.55,0.9893159838227004,0.7900465146216027,0.2780789598822594,1
49,C0_clean,bonafide,1.0,0.55,0.9996249695263715,0.8648874908579115,0.32199787169694905,1
49,C8_opus16,bonafide,0.9825854301452637,0.55,0.9973770416977099,0.8572472845674184,0.3314408086240292,1
49,C9_opus6,bonafide,0.1663181483745575,0.0709843989279458,0.5667868663619994,0.2578586389368065,0.18,0
49,N1_awgn20,bonafide,0.8528127074241638,0.55,0.9932827220229323,0.8041098995765452,0.30571531593799595,1
49,N2_awgn10,bonafide,0.7938303351402283,0.55,0.9941655052605547,0.7807817856342577,0.33818673104047775,1
50,C0_clean,A16_voice_conversion,1.0,0.55,0.9890561360671101,0.861716840820133,0.27106045410037044,1
50,C8_opus16,A16_voice_conversion,0.862274169921875,0.55,0.9864865321654852,0.8058556276183956,0.258642303943634,1
50,C9_opus6,A16_voice_conversion,0.16630856692790985,0.07733517107378687,0.6280703517944238,0.27814508363162715,0.18,0
50,N1_awgn20,A16_voice_conversion,0.827918529510498,0.55,0.9906888529300043,0.7933740676832005,0.2648736721277237,1
50,N2_awgn10,A16_voice_conversion,0.783543586730957,0.55,0.9955924311910794,0.7770951640497067,0.2758478109538556,1
51,C0_clean,A17_hybrid_tts,1.0,0.55,0.992385432126711,0.8627156296380134,0.27106045410037044,1
51,C8_opus16,A17_hybrid_tts,0.862274169921875,0.55,0.9992601620737305,0.8096877165908691,0.258642303943634,1
51,C9_opus6,A17_hybrid_tts,0.15399883687496185,0.08359546938586196,0.6075826652261366,0.2689529751335843,0.18,0
51,N1_awgn20,A17_hybrid_tts,0.8541630506515503,0.55,0.9963518572483737,0.8055707774351322,0.28149759605526925,1
51,N2_awgn10,A17_hybrid_tts,0.7649036645889282,0.55,0.9991940797584126,0.770719689763095,0.2573430806398392,1
52,C0_clean,A18_hybrid_tts,1.0,0.55,0.999989469984824,0.8649968409954472,0.27106048688292506,1
52,C8_opus16,A18_hybrid_tts,0.862274169921875,0.55,0.9955102363877567,0.808562738885077,0.2586426973342896,1
52,C9_opus6,A18_hybrid_tts,0.15639832615852356,0.07619421904728699,0.5533011247942828,0.2514079336158804,0.18,0
52,N1_awgn20,A18_hybrid_tts,0.8558618426322937,0.55,0.9955144282812085,0.80599906553728,0.30168852597475054,1
52,N2_awgn10,A18_hybrid_tts,0.7790647745132446,0.55,0.9910206923172713,0.7739321175004792,0.2603433483839035,1
53,C0_clean,A19_hybrid_tts,1.0,0.55,0.9995698199216116,0.8648709459764836,0.27106045410037044,1
53,C8_opus16,A19_hybrid_tts,0.8622740507125854,0.55,0.9907906488021336,0.8071468149256742,0.2586423367261887,1
53,C9_opus6,A19_hybrid_tts,0.1477186232805252,0.0749122048529516,0.6201677185324131,0.2676114263278195,0.18,0
53,N1_awgn20,A19_hybrid_tts,0.8497918248176575,0.55,0.998191142003322,0.8043740725280597,0.2595876191556454,1
53,N2_awgn10,A19_hybrid_tts,0.7910292148590088,0.55,0.9943580645955773,0.7797191053222767,0.280466111600399,1
54,C0_clean,A07_neural_vocoder,1.0,0.55,0.9993219753229647,0.8647965925968895,0.2710600934922695,1
54,C8_opus16,A07_neural_vocoder,0.8622740507125854,0.55,0.9955054188341325,0.8085612459352739,0.2586423367261887,1
54,C9_opus6,A07_neural_vocoder,0.16735565662384033,0.08526169713142553,0.6076808920294162,0.2748250393977887,0.18,0
54,N1_awgn20,A07_neural_vocoder,0.865738570690155,0.55,0.9973652375299269,0.8105049995350401,0.2695870597660542,1
54,N2_awgn10,A07_neural_vocoder,0.7787970304489136,0.55,0.9966676496577824,0.7755191070769002,0.2532561768591404,1
55,C0_clean,A08_neural_vocoder,1.0,0.55,0.9811184267130094,0.8593355280139029,0.27106045410037044,1
55,C8_opus16,A08_neural_vocoder,0.862274169921875,0.55,0.9967143421764755,0.8089239706216926,0.258642303943634,1
55,C9_opus6,A08_neural_vocoder,0.1641877144575119,0.07520351768556978,0.5760468285774883,0.26105018966192217,0.18,0
55,N1_awgn20,A08_neural_vocoder,0.8094569444656372,0.55,0.997953896145842,0.7881689466300075,0.2557057468593121,1
55,N2_awgn10,A08_neural_vocoder,0.7587694525718689,0.55,0.9890464449668189,0.7652217145187932,0.26475555524230004,1
56,C0_clean,A10_neural_vocoder,1.0,0.55,0.9902416215946894,0.8620724864784068,0.2710604989528656,1
56,C8_opus16,A10_neural_vocoder,0.862274169921875,0.55,0.9944097379659691,0.8082325893585407,0.258642303943634,1
56,C9_opus6,A10_neural_vocoder,0.1619848608970642,0.08229376720706702,0.6344781997885702,0.27982553445751684,0.18,0
56,N1_awgn20,A10_neural_vocoder,0.7961441278457642,0.55,0.9995097550323205,0.7833105776480018,0.2692420054972172,1
56,N2_awgn10,A10_neural_vocoder,0.830780565738678,0.55,0.9922070640510242,0.7949743455107785,0.2637951195240021,1
57,C0_clean,A13_voice_conversion,1.0,0.55,0.9952344164622284,0.8635703249386686,0.27106048688292506,1
57,C8_opus16,A13_voice_conversion,0.862274169921875,0.55,0.9973461845884397,0.809113523345282,0.2586423367261887,1
57,C9_opus6,A13_voice_conversion,0.16723884642124176,0.07555023878891078,0.6343240560784925,0.2798578270287177,0.18,0
57,N1_awgn20,A13_voice_conversion,0.8316442966461182,0.55,0.9962932021820239,0.7965456793130545,0.251831464022398,1
57,N2_awgn10,A13_voice_conversion,0.8562092185020447,0.55,0.9934354170995536,0.8055143125306841,0.24697128579020503,1
58,C0_clean,A14_voice_conversion,1.0,0.55,0.9978979629846254,0.8643693888953876,0.27106045410037044,1
58,C8_opus16,A14_voice_conversion,0.8622740507125854,0.55,0.997976859496537,0.8093026781339953,0.2586423367261887,1
58,C9_opus6,A14_voice_conversion,0.15289491415023804,0.07845212737421169,0.6128885465739775,0.26856016784455194,0.18,0
58,N1_awgn20,A14_voice_conversion,0.8549473881721497,0.55,0.99790751334528,0.806351209272444,0.27264613032341006,1
58,N2_awgn10,A14_voice_conversion,0.8154808878898621,0.55,0.9989774083552416,0.7908855776625173,0.2635042703151703,1
59,C0_clean,A16_voice_conversion,1.0,0.55,0.9976642830112841,0.8642992849033853,0.27106045410037044,1
59,C8_opus16,A16_voice_conversion,0.862274169921875,0.55,0.9947465344557633,0.808333628305479,0.2586423367261887,1
59,C9_opus6,A16_voice_conversion,0.16746778786182404,0.07043171057852617,0.6150310003055204,0.2726259284099436,0.18,0
59,N1_awgn20,A16_voice_conversion,0.8252972364425659,0.55,0.9991666740426602,0.7948688967898245,0.26842573449015616,1
59,N2_awgn10,A16_voice_conversion,0.7766110897064209,0.55,0.9980611035746031,0.7750627669549494,0.255640993565321,1
60,C0_clean,A17_hybrid_tts,1.0,0.55,0.9948307523574246,0.8634492257072275,0.2710601262748242,1
60,C8_opus16,A17_hybrid_tts,0.862274169921875,0.55,0.9941519024802876,0.8081552387128363,0.2586426973342896,1
60,C9_opus6,A17_hybrid_tts,0.1729753464460373,0.08209818569968123,0.6024685196782626,0.2745601501917981,0.18,0
60,N1_awgn20,A17_hybrid_tts,0.8652717471122742,0.55,0.9932552219684814,0.8090852654354541,0.2738061247766018,1
60,N2_awgn10,A17_hybrid_tts,0.7918217778205872,0.55,0.9995486347768952,0.7815933015613035,0.28642347320914274,1
61,C0_clean,A18_hybrid_tts,1.0,0.55,0.9890076322872202,0.8617022896861661,0.27106045410037044,1
61,C8_opus16,A18_hybrid_tts,0.862274169921875,0.55,0.9966154205029792,0.8088942941196438,0.2586423367261887,1
61,C9_opus6,A18_hybrid_tts,0.1665528565645218,0.07480166167070662,0.5758563925001903,0.2618185588770778,0.18,0
61,N1_awgn20,A18_hybrid_tts,0.8129119277000427,0.55,0.9906741684840924,0.7873670216252449,0.2701660817861557,1
61,N2_awgn10,A18_hybrid_tts,0.8175861835479736,0.55,0.9857575921128477,0.7877617510530438,0.27155383393168453,1
62,C0_clean,A19_hybrid_tts,1.0,0.55,0.9941691095283126,0.8632507328584939,0.27106048688292506,1
62,C8_opus16,A19_hybrid_tts,0.862274169921875,0.55,0.9917546955892299,0.807436076645519,0.258642303943634,1
62,C9_opus6,A19_hybrid_tts,0.16546985507011414,0.07333758663287056,0.6049935662463917,0.26968728789182433,0.18,0
62,N1_awgn20,A19_hybrid_tts,0.8603366613388062,0.55,0.9841909626208668,0.8043919533217825,0.24923520848155023,1
62,N2_awgn10,A19_hybrid_tts,0.7899666428565979,0.55,0.9908604964242566,0.7782448060699162,0.2661303195357323,1
63,C0_clean,A07_neural_vocoder,1.0,0.55,0.9968802695006802,0.864064080850204,0.27106048688292506,1
63,C8_opus16,A07_neural_vocoder,0.862274169921875,0.55,0.9980914358937674,0.8093370987368802,0.2586423367261887,1
63,C9_opus6,A07_neural_vocoder,0.17603528499603271,0.08729554258559052,0.5647928937896363,0.2660406449109811,0.18,0
63,N1_awgn20,A07_neural_vocoder,0.7740253210067749,0.55,0.9931288066554068,0.772548770399332,0.317543169260025,1
63,N2_awgn10,A07_neural_vocoder,0.7627009749412537,0.55,0.9920947384272509,0.7677088115046767,0.24975649476051331,1
64,C0_clean,A08_neural_vocoder,1.0,0.55,0.9962770890976061,0.8638831267292819,0.27106048688292506,1
64,C8_opus16,A08_neural_vocoder,0.862274169921875,0.55,0.9956759580448841,0.8086124553822153,0.2586423367261887,1
64,C9_opus6,A08_neural_vocoder,0.17276029288768768,0.0894979639131119,0.6085759617217471,0.27852629484553276,0.18,0
64,N1_awgn20,A08_neural_vocoder,0.84712153673172,0.55,0.9947901718677982,0.8022856662530276,0.2605056628584862,1
64,N2_awgn10,A08_neural_vocoder,0.7974883913993835,0.55,0.9912928821429682,0.7813832212026439,0.2817584457993507,1
65,C0_clean,A10_neural_vocoder,1.0,0.55,0.9985332825451176,0.8645599847635353,0.27106048688292506,1
65,C8_opus16,A10_neural_vocoder,0.862274169921875,0.55,0.9940001722690435,0.8081097196494631,0.2586423367261887,1
65,C9_opus6,A10_neural_vocoder,0.15383124351501465,0.0829214785835862,0.5738933027356946,0.2585769318017901,0.18,0
65,N1_awgn20,A10_neural_vocoder,0.8768556118011475,0.55,0.9890296063485333,0.812451126625019,0.2653440554440022,1
65,N2_awgn10,A10_neural_vocoder,0.796432614326477,0.55,0.983408414155705,0.7785955699773024,0.25432058587670325,1
66,C0_clean,A13_voice_conversion,1.0,0.55,0.9970336332268318,0.8641100899680496,0.27106045410037044,1
66,C8_opus16,A13_voice_conversion,0.862274169921875,0.55,0.9990627134190805,0.8096284819944741,0.25864266455173496,1
66,C9_opus6,A13_voice_conversion,0.16608840227127075,0.08366473989275607,0.6414647697311258,0.28397421379567284,0.18,0
66,N1_awgn20,A13_voice_conversion,0.8196369409561157,0.55,0.9958360034112614,0.7916055774058248,0.25700149402022365,1
66,N2_awgn10,A13_voice_conversion,0.7851153612136841,0.55,0.9949303502436947,0.777525249558582,0.2722745525836945,1
67,C0_clean,A14_voice_conversion,1.0,0.55,0.9965272825583845,0.8639581847675154,0.27106048688292506,1
67,C8_opus16,A14_voice_conversion,0.862274169921875,0.55,0.9972968127696469,0.8090987117996441,0.2586423367261887,1
67,C9_opus6,A14_voice_conversion,0.15376023948192596,0.08183135529256368,0.6026986844438037,0.2668631077136806,0.18,0
67,N1_awgn20,A14_voice_conversion,0.8011547327041626,0.55,0.9906815986253636,0.7826663726692742,0.2578750614821911,1
67,N2_awgn10,A14_voice_conversion,0.805153489112854,0.55,0.9995179042682549,0.7869167669256181,0.24896215066313743,1
68,C0_clean,A16_voice_conversion,1.0,0.55,0.9952766039195114,0.8635829811758535,0.27106045410037044,1
68,C8_opus16,A16_voice_conversion,0.862274169921875,0.55,0.9984529192684086,0.8094455437492727,0.2586423367261887,1
68,C9_opus6,A16_voice_conversion,0.14918465912342072,0.08785464617218874,0.5866069915634842,0.26201235497007014,0.18,0
68,N1_awgn20,A16_voice_conversion,0.8653038740158081,0.55,0.9966322177062865,0.8101112149182093,0.27212209433317186,1
68,N2_awgn10,A16_voice_conversion,0.7865496873855591,0.55,0.9909722933288315,0.7769115629528731,0.2528129751980305,1
69,C0_clean,A17_hybrid_tts,1.0,0.55,0.9928139386815178,0.8628441816044554,0.27106048688292506,1
69,C8_opus16,A17_hybrid_tts,0.862274169921875,0.55,0.9923004148596816,0.8075997924266545,0.2586423367261887,1
69,C9_opus6,A17_hybrid_tts,0.14674213528633118,0.07057937574707164,0.5389427927812349,0.24155350467302442,0.18,0
69,N1_awgn20,A17_hybrid_tts,0.822849452495575,0.55,0.9948762785080247,0.7926026645506374,0.2413546286523342,1
69,N2_awgn10,A17_hybrid_tts,0.8209959268569946,0.55,0.9847609768744436,0.788826663805131,0.24405743569135668,1
70,C0_clean,A18_hybrid_tts,1.0,0.55,0.9896937636640798,0.861908129099224,0.27106045410037044,1
70,C8_opus16,A18_hybrid_tts,0.862274169921875,0.55,0.9987734479201518,0.8095417023447955,0.2586423367261887,1
70,C9_opus6,A18_hybrid_tts,0.16712771356105804,0.07442342532695148,0.6195060353387598,0.2750299236241366,0.18,0
70,N1_awgn20,A18_hybrid_tts,0.7751510739326477,0.55,0.993160607366476,0.773008611783002,0.2710338380932808,1
70,N2_awgn10,A18_hybrid_tts,0.8242975473403931,0.55,0.9971965805032728,0.793877993087139,0.2483405789732933,1
71,C0_clean,A19_hybrid_tts,1.0,0.55,0.9946872304365935,0.863406169130978,0.27106045410037044,1
71,C8_opus16,A19_hybrid_tts,0.862274169921875,0.55,0.9996403394300674,0.8098017697977702,0.2586423367261887,1
71,C9_opus6,A19_hybrid_tts,0.15693730115890503,0.086873172591855,0.5991322534747539,0.2685765482835447,0.18,0
71,N1_awgn20,A19_hybrid_tts,0.8498644828796387,0.55,0.9966806877196672,0.8039499994677557,0.25570124968886376,1
71,N2_awgn10,A19_hybrid_tts,0.7867878079414368,0.55,0.9954643775165855,0.7783544364315503,0.26330961972475053,1
72,C0_clean,A07_neural_vocoder,1.0,0.55,0.9947689920491697,0.863430697614751,0.27106045410037044,1
72,C8_opus16,A07_neural_vocoder,0.8622740507125854,0.55,0.9960922267149744,0.8087372882995265,0.2586423367261887,1
72,C9_opus6,A07_neural_vocoder,0.14887070655822754,0.0717501986931721,0.5797082309382219,0.2549858115127092,0.18,0
72,N1_awgn20,A07_neural_vocoder,0.8596906065940857,0.55,0.9928884120289421,0.8067427662463169,0.2643898111581803,1
72,N2_awgn10,A07_neural_vocoder,0.75,0.55,0.9908293629631808,0.7622488088889543,0.2986604815721512,1
73,C0_clean,A08_neural_vocoder,1.0,0.55,0.999155255870726,0.8647465767612179,0.27106048688292506,1
73,C8_opus16,A08_neural_vocoder,0.862274169921875,0.55,0.9968040660569591,0.8089508877858378,0.2586423367261887,1
73,C9_opus6,A08_neural_vocoder,0.1483786255121231,0.07735909601979629,0.5851240146597815,0.25809638340872254,0.18,0
73,N1_awgn20,A08_neural_vocoder,0.8097860217094421,0.55,0.9998919379379448,0.7888819900651604,0.26572539374232296,1
73,N2_awgn10,A08_neural_vocoder,0.8583289384841919,0.55,0.9967713591369254,0.8073629831347544,0.28547937348485,1
74,C0_clean,A10_neural_vocoder,1.0,0.55,0.9954649957957113,0.8636394987387135,0.27106048688292506,1
74,C8_opus16,A10_neural_vocoder,0.862274169921875,0.55,0.998667708427867,0.8095099804971102,0.2586423367261887,1
74,C9_opus6,A10_neural_vocoder,0.15557754039764404,0.07995293625209364,0.5925846785243821,0.26399230059200035,0.18,0
74,N1_awgn20,A10_neural_vocoder,0.8447929620742798,0.55,0.9992270936183798,0.8026853129152258,0.2830413666367531,1
74,N2_awgn10,A10_neural_vocoder,0.75,0.55,0.997004935879564,0.7641014807638693,0.25557989597320563,1
75,C0_clean,A13_voice_conversion,1.0,0.55,0.9945702870796466,0.863371086123894,0.27106038853526115,1
75,C8_opus16,A13_voice_conversion,0.8622740507125854,0.55,0.9971572337340405,0.8090567904052464,0.25864266455173496,1
75,C9_opus6,A13_voice_conversion,0.15010760724544525,0.08221547098818718,0.6107377718607531,0.2679290157528602,0.18,0
75,N1_awgn20,A13_voice_conversion,0.8363316059112549,0.55,0.9912376092227347,0.7969039251313224,0.24518225863575938,1
75,N2_awgn10,A13_voice_conversion,0.8048202991485596,0.55,0.9964594181536935,0.7858659451055319,0.26156107351183894,1
76,C0_clean,A14_voice_conversion,1.0,0.55,0.9992106659650454,0.8647631997895137,0.27106048688292506,1
76,C8_opus16,A14_voice_conversion,0.862274169921875,0.55,0.998152634710783,0.8093554583819849,0.2586426973342896,1
76,C9_opus6,A14_voice_conversion,0.14862966537475586,0.07139406436581591,0.5804574598915665,0.25500732342711707,0.18,0
76,N1_awgn20,A14_voice_conversion,0.7968907356262207,0.55,0.9893173337249531,0.7805514943679742,0.26702999949455264,1
76,N2_awgn10,A14_voice_conversion,0.776701033115387,0.55,0.9979724417487601,0.7750721457707829,0.23620217964053156,1
77,C0_clean,A16_voice_conversion,1.0,0.55,0.9908702332791863,0.862261069983756,0.27106045410037044,1
77,C8_opus16,A16_voice_conversion,0.862274169921875,0.55,0.9978745232157511,0.8092720249334753,0.2586423367261887,1
77,C9_opus6,A16_voice_conversion,0.1756114512681961,0.08852728299696398,0.616928321640802,0.28188126189860824,0.18,0
77,N1_awgn20,A16_voice_conversion,0.828133225440979,0.55,0.9864477929340949,0.79218762805662,0.2734881973266602,1
77,N2_awgn10,A16_voice_conversion,0.7697354555130005,0.55,0.9991946484005563,0.7726525767253671,0.25133701071143155,1
78,C0_clean,A17_hybrid_tts,1.0,0.55,0.9932871039964851,0.8629861311989455,0.27106048688292506,1
78,C8_opus16,A17_hybrid_tts,0.8622740507125854,0.55,0.996707289609955,0.8089218071680206,0.2586423367261887,1
78,C9_opus6,A17_hybrid_tts,0.15949875116348267,0.08464950373701977,0.6323604250029389,0.27890247908738064,0.18,0
78,N1_awgn20,A17_hybrid_tts,0.8155103325843811,0.55,0.9949409642570993,0.7896864223108822,0.28200521603226664,1
78,N2_awgn10,A17_hybrid_tts,0.8070983290672302,0.55,0.9927235430610178,0.7856563945451974,0.25571772024035455,1
79,C0_clean,A18_hybrid_tts,1.0,0.55,0.9898345858089003,0.8619503757426701,0.27106048688292506,1
79,C8_opus16,A18_hybrid_tts,0.8622740507125854,0.55,0.9972567735575987,0.8090866523523137,0.258642303943634,1
79,C9_opus6,A18_hybrid_tts,0.15000393986701965,0.08428892380078289,0.5912553006301953,0.2626648432761013,0.18,0
79,N1_awgn20,A18_hybrid_tts,0.8347693681716919,0.55,0.9975551679540021,0.7981742976548775,0.2583793240785599,1
79,N2_awgn10,A18_hybrid_tts,0.75,0.55,0.9868609138747162,0.761058274162415,0.2832091684639454,1
80,C0_clean,A19_hybrid_tts,1.0,0.55,0.9894439667911238,0.8618331900373372,0.2710604989528656,1
80,C8_opus16,A19_hybrid_tts,0.862274169921875,0.55,0.9875372807210974,0.8061708521850792,0.258642303943634,1
80,C9_opus6,A19_hybrid_tts,0.16797061264514923,0.07216403445551689,0.5985923826336245,0.2684151701848021,0.18,0
80,N1_awgn20,A19_hybrid_tts,0.8466808795928955,0.55,0.9838467662928816,0.7988263817250227,0.250180224776268,1
80,N2_awgn10,A19_hybrid_tts,0.8037075400352478,0.55,0.9938857684845335,0.7846487465594592,0.29762127190828325,1
81,C0_clean,A07_neural_vocoder,1.0,0.55,0.9838715837071798,0.860161475112154,0.27106045410037044,1
81,C8_opus16,A07_neural_vocoder,0.862274169921875,0.55,0.9961894040973532,0.808766489197956,0.2586423367261887,1
81,C9_opus6,A07_neural_vocoder,0.15015383064746857,0.07024724537216696,0.6366750274466064,0.27213821410461947,0.18,0
81,N1_awgn20,A07_neural_vocoder,0.8582967519760132,0.55,0.9958158385895549,0.8070634523672717,0.30033569514751435,1
81,N2_awgn10,A07_neural_vocoder,0.828132688999176,0.55,0.9954628574082688,0.7948919328221511,0.2549938073754311,1
82,C0_clean,A08_neural_vocoder,1.0,0.55,0.9979372044320333,0.86438116132961,0.27106048688292506,1
82,C8_opus16,A08_neural_vocoder,0.8622740507125854,0.55,0.9953121225669632,0.8085032570551232,0.2586426973342896,1
82,C9_opus6,A08_neural_vocoder,0.14577746391296387,0.07136635113130527,0.6219792023164673,0.2663146515995173,0.18,0
82,N1_awgn20,A08_neural_vocoder,0.8051038384437561,0.55,0.9992493162791944,0.7868163302612607,0.2796167638897896,1
82,N2_awgn10,A08_neural_vocoder,0.75,0.55,0.9960080763027901,0.7638024228908371,0.26767123013734817,1
83,C0_clean,A10_neural_vocoder,1.0,0.55,0.9998333427497677,0.8649500028249304,0.27106048688292506,1
83,C8_opus16,A10_neural_vocoder,0.862274169921875,0.55,0.9878193936217053,0.8062554860552616,0.2586423367261887,1
83,C9_opus6,A10_neural_vocoder,0.16660653054714203,0.07257919700827323,0.619328044785279,0.2742147847569225,0.18,0
83,N1_awgn20,A10_neural_vocoder,0.8013264536857605,0.55,0.991719046763488,0.7830462955033506,0.26665782496333124,1
83,N2_awgn10,A10_neural_vocoder,0.7870861887931824,0.55,0.9999172338690717,0.7798096456779945,0.2501187694072724,1
84,C0_clean,A13_voice_conversion,1.0,0.55,0.9934017558722741,0.8630205267616823,0.27106048688292506,1
84,C8_opus16,A13_voice_conversion,0.862274169921875,0.55,0.99257874412569,0.8076832912064571,0.2586423367261887,1
84,C9_opus6,A13_voice_conversion,0.1730165034532547,0.08040655013449778,0.6331657779887395,0.28327829981827307,0.18,0
84,N1_awgn20,A13_voice_conversion,0.8063148856163025,0.55,0.9910753981427568,0.784848573689348,0.27572263389825824,1
84,N2_awgn10,A13_voice_conversion,0.8182199001312256,0.55,0.9924271217318472,0.7900160965720444,0.2548346295952797,1
85,C0_clean,A14_voice_conversion,1.0,0.55,0.9942549581842969,0.8632764874552892,0.27106045410037044,1
85,C8_opus16,A14_voice_conversion,0.862274169921875,0.55,0.9945527172508682,0.8082754831440104,0.2586423367261887,1
85,C9_opus6,A14_voice_conversion,0.16758669912815094,0.08682628551878208,0.5719883324177933,0.264679065032233,0.18,0
85,N1_awgn20,A14_voice_conversion,0.8094651699066162,0.55,0.9971665812849587,0.7879360423481342,0.27214410498738295,1
85,N2_awgn10,A14_voice_conversion,0.8494791388511658,0.55,0.9945941903088461,0.8031699126331202,0.2637380269169808,1
86,C0_clean,A16_voice_conversion,1.0,0.55,0.9968849188137432,0.8640654756441231,0.27106048688292506,1
86,C8_opus16,A16_voice_conversion,0.862274169921875,0.55,0.995023419102249,0.8084166936994247,0.258642303943634,1
86,C9_opus6,A16_voice_conversion,0.15887410938739777,0.08324391072696741,0.5702582295163108,0.2596002858279426,0.18,0
86,N1_awgn20,A16_voice_conversion,0.8597946166992188,0.55,0.9940886589829474,0.8071444443745717,0.2647516463696957,1
86,N2_awgn10,A16_voice_conversion,0.7768319249153137,0.55,0.9969378916013837,0.7748141374465407,0.2737081223726273,1
87,C0_clean,A17_hybrid_tts,1.0,0.55,0.9918295300297272,0.8625488590089182,0.27106048688292506,1
87,C8_opus16,A17_hybrid_tts,0.8622740507125854,0.55,0.9998401367000177,0.8098616612950394,0.258642303943634,1
87,C9_opus6,A17_hybrid_tts,0.17233477532863617,0.08021156696187963,0.5994019381426257,0.27281796166280603,0.18,0
87,N1_awgn20,A17_hybrid_tts,0.757399320602417,0.55,0.9971255992191922,0.7670974080067245,0.2619040939211846,1
87,N2_awgn10,A17_hybrid_tts,0.8029478788375854,0.55,0.9833596161790303,0.7811870363887433,0.27408440187573435,1
88,C0_clean,A18_hybrid_tts,1.0,0.55,0.9930524076157738,0.8629157222847321,0.27106045410037044,1
88,C8_opus16,A18_hybrid_tts,0.862274169921875,0.55,0.9966277954579437,0.8088980066061331,0.2586423367261887,1
88,C9_opus6,A18_hybrid_tts,0.15391230583190918,0.08837293958367028,0.5773810623339997,0.26129112290806467,0.18,0
88,N1_awgn20,A18_hybrid_tts,0.8245078921318054,0.55,0.9892356149835025,0.791573841347773,0.24970345199108124,1
88,N2_awgn10,A18_hybrid_tts,0.7988580465316772,0.55,0.9989559786364853,0.7842300122036165,0.268224318921566,1
89,C0_clean,A19_hybrid_tts,1.0,0.55,0.9979285736084604,0.8643785720825381,0.27106048688292506,1
89,C8_opus16,A19_hybrid_tts,0.862274169921875,0.55,0.9932928343902544,0.8078975182858263,0.2586423367261887,1
89,C9_opus6,A19_hybrid_tts,0.15367384254932404,0.07741120648729413,0.5952232836570986,0.26325988406304746,0.18,0
89,N1_awgn20,A19_hybrid_tts,0.8342528343200684,0.55,0.9967320489013031,0.7977207483984183,0.27320398986339567,1
89,N2_awgn10,A19_hybrid_tts,0.8009645342826843,0.55,0.9943331479526455,0.7836857580988674,0.271581181883812,1
90,C0_clean,A07_neural_vocoder,1.0,0.55,0.995133220326975,0.8635399660980926,0.27106045410037044,1
90,C8_opus16,A07_neural_vocoder,0.862274169921875,0.55,0.9911609440604559,0.8072579511868867,0.258642303943634,1
90,C9_opus6,A07_neural_vocoder,0.1478343904018402,0.08168919013623957,0.6036689250909685,0.26474119072889846,0.18,0
90,N1_awgn20,A07_neural_vocoder,0.8715521693229675,0.55,0.9938857837732137,0.8117866028611511,0.2754589429497719,1
90,N2_awgn10,A07_neural_vocoder,0.7875222563743591,0.55,0.9882872909541991,0.7764950898360035,0.24998116165399553,1
91,C0_clean,A08_neural_vocoder,1.0,0.55,0.9980226405004876,0.8644067921501464,0.27106045410037044,1
91,C8_opus16,A08_neural_vocoder,0.8622740507125854,0.55,0.9900067214825528,0.8069116367297999,0.2586423367261887,1
91,C9_opus6,A08_neural_vocoder,0.15292546153068542,0.08522150178284355,0.5831865554553143,0.2616926017837215,0.18,0
91,N1_awgn20,A08_neural_vocoder,0.8772621750831604,0.55,0.9926683930942249,0.8137053879615317,0.276362353861332,1
91,N2_awgn10,A08_neural_vocoder,0.7708045244216919,0.55,0.9812084652532477,0.767684349344651,0.23922929227352144,1
92,C0_clean,A10_neural_vocoder,1.0,0.55,0.993893123500192,0.8631679370500576,0.27106045410037044,1
92,C8_opus16,A10_neural_vocoder,0.8622740507125854,0.55,0.9952339272134927,0.8084797984490819,0.258642303943634,1
92,C9_opus6,A10_neural_vocoder,0.14604738354682922,0.08280660453889462,0.6289163735038472,0.27193584683155425,0.18,0
92,N1_awgn20,A10_neural_vocoder,0.7931203842163086,0.55,0.985626947572261,0.7779362379582018,0.2704609219729901,1
92,N2_awgn10,A10_neural_vocoder,0.8247734308242798,0.55,0.9919855590510639,0.7925050400450311,0.2590351422131062,1
93,C0_clean,A13_voice_conversion,1.0,0.55,0.9931488988604686,0.8629446696581407,0.27106048688292506,1
93,C8_opus16,A13_voice_conversion,0.862274169921875,0.55,0.9901994034627682,0.8069694890075805,0.2586423367261887,1
93,C9_opus6,A13_voice_conversion,0.16892535984516144,0.08283546075460628,0.583975549509357,0.26761344701725354,0.18,0
93,N1_awgn20,A13_voice_conversion,0.8522095680236816,0.55,0.9989483258261156,0.8055683249573073,0.277970174998045,1
93,N2_awgn10,A13_voice_conversion,0.7839180827140808,0.55,0.996258273679355,0.7774447151894388,0.26163411885499954,1
94,C0_clean,A14_voice_conversion,1.0,0.55,0.9995831949333739,0.8648749584800122,0.27106048688292506,1
94,C8_opus16,A14_voice_conversion,0.862274169921875,0.55,0.9958301661141538,0.8086587178029961,0.2586423367261887,1
94,C9_opus6,A14_voice_conversion,0.17083220183849335,0.08275606180431423,0.5401879307228563,0.2552160784935485,0.18,0
94,N1_awgn20,A14_voice_conversion,0.7829864025115967,0.55,0.9919383508210176,0.7757760662509441,0.2891122914850712,1
94,N2_awgn10,A14_voice_conversion,0.75,0.55,0.9960561050843636,0.7638168315253091,0.27356942757964137,1
95,C0_clean,A16_voice_conversion,1.0,0.55,0.9849613943787108,0.8604884183136132,0.27106048688292506,1
95,C8_opus16,A16_voice_conversion,0.862274169921875,0.55,0.9942674153149026,0.8081898925632208,0.2586426973342896,1
95,C9_opus6,A16_voice_conversion,0.16320721805095673,0.07120616874436872,0.5907965882138588,0.26388371430785096,0.18,0
95,N1_awgn20,A16_voice_conversion,0.8550805449485779,0.55,0.9943099104944705,0.8053251911277723,0.23593608826398854,1
95,N2_awgn10,A16_voice_conversion,0.7855663299560547,0.55,0.991072461941311,0.7765482705648152,0.2473491165041924,1
96,C0_clean,A17_hybrid_tts,1.0,0.55,0.9974688407999875,0.8642406522399964,0.27106048688292506,1
96,C8_opus16,A17_hybrid_tts,0.862274169921875,0.55,0.9946492736841166,0.808304450073985,0.2586423367261887,1
96,C9_opus6,A17_hybrid_tts,0.15056520700454712,0.08588442213935232,0.6212432603006577,0.27236438753382186,0.18,0
96,N1_awgn20,A17_hybrid_tts,0.8532379865646362,0.55,0.9885167800776333,0.8028502286491445,0.28056184485554697,1
96,N2_awgn10,A17_hybrid_tts,0.8270347118377686,0.55,0.9908723787223926,0.7930755983518252,0.2583904325962067,1
97,C0_clean,A18_hybrid_tts,1.0,0.55,0.9982651506513837,0.8644795451954151,0.27106048688292506,1
97,C8_opus16,A18_hybrid_tts,0.862274169921875,0.55,0.9929438238523867,0.807792815124466,0.2586423367261887,1
97,C9_opus6,A18_hybrid_tts,0.1595720797777176,0.08148516995807538,0.6009380063174602,0.2685557847937477,0.18,0
97,N1_awgn20,A18_hybrid_tts,0.829435408115387,0.55,0.9988887526889304,0.796440789052834,0.296894543915987,1
97,N2_awgn10,A18_hybrid_tts,0.7909736037254333,0.55,0.999076441056119,0.7811123738070092,0.30271445751190185,1
98,C0_clean,A19_hybrid_tts,1.0,0.55,0.9923225861614252,0.8626967758484276,0.27106045410037044,1
98,C8_opus16,A19_hybrid_tts,0.862274169921875,0.55,0.9975427562477258,0.8091724948430677,0.2586423367261887,1
98,C9_opus6,A19_hybrid_tts,0.15134373307228088,0.08287899318689322,0.6008454347210739,0.2656548216013025,0.18,0
98,N1_awgn20,A19_hybrid_tts,0.876086950302124,0.55,0.9970155667868479,0.814539450156904,0.2638500185310841,1
98,N2_awgn10,A19_hybrid_tts,0.775557816028595,0.55,0.987523729711643,0.771480245324931,0.25905382126569754,1
99,C0_clean,A07_neural_vocoder,1.0,0.55,0.9988508329135103,0.8646552498740532,0.27106045410037044,1
99,C8_opus16,A07_neural_vocoder,0.862274169921875,0.55,0.9984249980419204,0.8094371673813261,0.2586423367261887,1
99,C9_opus6,A07_neural_vocoder,0.15247830748558044,0.07596927689340142,0.6016196525533738,0.2642680018282647,0.18,0
99,N1_awgn20,A07_neural_vocoder,0.850772500038147,0.55,0.9916079185894301,0.8027913755920878,0.25567856729030614,1
99,N2_awgn10,A07_neural_vocoder,0.8089377284049988,0.55,0.9983984909247456,0.7880946386394232,0.25783061459660533,1
